name,address,phone_number,email,date_of_birth,ssn,company,job,username,password,website,credit_card_number,credit_card_expiry,credit_card_provider,iban,swift_code,license_plate,mac_address,ipv4_address,ipv6_address,uuid
Heather Solis,"42040 Wagner Hill
North Wandafurt, OR 90379",+1-603-813-6860x33931,kiddmelinda@example.net,1992-04-21,871-20-8161,Proctor-Sexton,"Scientist, research (physical sciences)",weeksjeffery,@SXkCLruD0,http://www.williams-day.info/,676214454115,10/24,JCB 16 digit,GB43CTQW44526555806563,VOWRGB38,4-O2651,c8:c1:41:a3:b5:d8,119.58.168.133,25d6:119:16e9:5a45:db2d:f0bd:ce31:fb59,e5602a22-e0a9-49f8-8989-80b9bde0fdbb
Connie Miller,"340 Thomas Knoll
Codymouth, TN 02636",(632)513-3460x7166,paulamber@example.net,1958-08-26,031-36-4431,Gray LLC,Chartered accountant,michellehardy,O!60S90uq@,http://www.reynolds-duncan.biz/,213143466919892,10/27,Diners Club / Carte Blanche,GB44QUGJ40490347088417,ZXBXGBCD9NG,FJV8120,fa:ff:2c:e3:d0:bc,103.94.50.193,2e5:e8eb:77cf:b131:f98e:73ee:b6ae:c248,eb196578-7f86-48d8-9e69-c3f485512f22
Lindsay Thornton,"PSC 3742, Box 6921
APO AA 98132",(541)835-2490,jonathangibbs@example.org,1909-12-13,040-81-8089,James-Wilson,Film/video editor,heatherrojas,vp^2XqrjHS,https://leach.com/,2238751301345615,06/30,Maestro,GB65GNOV32661471027409,EPHDGB25,KVQ 641,26:ae:b6:6b:91:c5,73.233.46.192,1c66:6b38:dc3:e4d0:9a22:f6e2:25d:4df0,3f5de5f2-3124-4e21-aafc-16094a87dc8a
Elizabeth Gonzalez,"50002 Wilcox Fall Suite 531
Thomastown, ID 82540",6175755945,timothy41@example.net,1945-09-17,617-55-9026,Bradley-Stone,Data scientist,garrett41,PHA(%9Gqx),http://wilson-green.com/,675952350188,02/25,JCB 16 digit,GB86XDIG31701234271556,HYCEGBLN,566 KTX,bc:70:6b:3f:e3:01,117.248.76.236,1dc6:ea33:3c86:35a7:8f7e:a1b9:4dde:5288,76ee0dfe-7348-4fea-8aba-602e0b38d26f
Jillian Wallace PhD,"211 Brian Shoal
North Richard, WY 21990",+1-767-717-2821x61536,hpage@example.com,1963-01-27,083-26-6113,"Archer, Jones and Johnson",Chartered loss adjuster,tjimenez,q7LbqNy$&$,https://www.gordon.com/,3536217325726112,11/25,Diners Club / Carte Blanche,GB63BLPA98892766361642,UXCKGB9U5VP,8O 8785P,d2:06:20:d8:7f:9d,134.190.33.107,44f4:a6b5:913c:de3b:75b7:124:f62d:d701,0c68976b-7eae-4a29-b470-96597b385565
Kevin Ashley,"32350 Christina Courts Suite 882
Bakerland, CO 55793",541-439-7168x507,leroy42@example.net,1994-02-21,729-29-3824,Barnett Inc,Newspaper journalist,shawnrios,Nz1QLfVah$,http://www.gonzalez-wong.com/,4581658246289973,11/28,American Express,GB14UMSS40365245484324,GQHSGB3IJ4H,ZSU-478,46:cb:3b:b6:04:64,68.78.50.53,3883:f770:e335:7182:1037:15c0:5a1f:2849,427d7a53-238a-4734-80bd-d295f53ee328
Deborah Jones,"7023 Mary Cliffs
South Stevenborough, DE 77199",+1-260-525-1924,robertperez@example.net,1916-03-26,288-67-0134,Williams-Bradshaw,Public affairs consultant,patelkrystal,z#8UdTSIYo,https://white.org/,6549838713451282,03/30,VISA 16 digit,GB70WERG01243504320337,QVUHGBEVGY9,6-3302T,14:21:56:1f:07:fc,150.200.89.65,913a:9d44:de53:bee:d252:b8c4:8462:9d1,9371fcc0-08c9-4bba-a9ad-6ac3b15a37d2
James Petersen,"843 Deborah Terrace Apt. 233
Christianstad, IA 75322",001-760-790-6807x291,ryanhill@example.com,1961-12-02,058-45-1465,Allen-Dougherty,"Engineer, automotive",phillip63,!vH+3j7$t7,https://www.allen.info/,4759017731762052775,05/31,Diners Club / Carte Blanche,GB26QIZQ44317088322289,WFXCGBKNM8E,2ZIQ860,ca:43:0b:d1:9e:52,149.254.226.164,bf6:1e43:e55e:826:170e:8a7a:bded:79d,e6fdd7ef-8cea-44cc-9aaa-8e7e73fac3db
Richard Becker,"4418 Ryan Motorway
East Daltonville, AR 97965",749.766.1379,pphillips@example.org,1914-02-16,673-54-5775,Stokes LLC,Financial risk analyst,marshmitchell,+AF3^0LTd9,http://www.brewer-simpson.com/,4016718154455,01/30,VISA 16 digit,GB77SYJZ48696663620147,CWSTGB1GAP6,ENG-8989,5a:c5:25:3f:36:7f,5.152.147.51,9a84:b0a7:9a49:5f8d:667f:e5e3:cfc2:3532,5c4cba00-42a4-435e-ad59-a30d100a25e6
Alejandro Nolan,"391 Pratt Trafficway
Timothyberg, DE 63697",(705)275-1131,karenortiz@example.com,1924-06-20,473-47-9273,Bailey-Petersen,Occupational hygienist,milleramy,O8iOjJfO^7,https://villarreal-stone.net/,213127890888666,09/29,VISA 13 digit,GB70SRMK44469818150714,CLIWGBCD4IK,2WZL 64,6c:ec:1a:9c:0b:e3,150.68.252.131,1072:7e39:1204:61f9:2cc5:aa7a:64d0:6f8a,00494ace-cb0f-4aca-a815-d9869a286a5b
Kelly Wagner,"95673 Kathryn Via Apt. 306
Lake Brianberg, MT 04246",320.225.2901x2522,tchandler@example.org,1969-11-23,449-43-6706,Rivera Inc,Investment analyst,phuffman,H73lqFaz#x,http://reed.com/,4308167080376,06/25,JCB 16 digit,GB49CVSH29842282922762,MXHCGBJFPVE,7390 QB,96:e1:c7:d6:01:d6,192.212.76.201,4cb7:5064:63b1:2890:2c74:ddf2:2fab:a0f6,452b3ded-6736-45fe-9877-e1a084cd76ce
Steven Dougherty,"192 Scott Extension Suite 943
New Joseph, UT 55179",342-926-4091x248,alexandercarr@example.org,1944-06-17,742-55-7049,"Sharp, Moss and Cortez",Firefighter,hcalhoun,*gL_QzU5Y4,http://www.bradley.org/,4320431502308695636,10/25,JCB 16 digit,GB70CWZS75104788852032,TRBBGBFI,52Aâ€¢656,ee:ad:3b:ea:b0:08,20.161.187.253,7c2e:96ef:225d:d144:bf2b:41c3:4e21:51e8,d7074509-4757-441d-b154-838f23dd9d21
Rachel Powell,"75144 Howard Islands Apt. 881
Port Bradley, MH 34384",(940)270-8702x310,eoconnor@example.com,2009-09-16,135-11-5162,Walker-Ramirez,"Psychologist, sport and exercise",courtney47,!3G_i&Lai3,https://www.howard-bell.com/,341080887009157,01/34,VISA 13 digit,GB09UMEK31440062104427,VEHXGBJFOXN,A 904350,e0:a7:1a:08:25:45,64.215.120.254,cecb:c945:e89:78f2:2a5c:d01b:c3ab:c364,de18b2d3-7dc7-41ed-9db8-e49ee1607774
John Campbell,"Unit 4740 Box 6802
DPO AP 45264",(370)726-3579x564,kayla28@example.org,1953-09-04,008-65-9222,Phelps-Torres,Building services engineer,daniel30,#6V_49CslE,https://hall.com/,4436185556455238030,04/26,VISA 16 digit,GB18EZOY13344548322585,HHZLGBO1,684 XOA,e0:74:d6:a3:28:75,32.136.36.194,a642:bf95:e5d5:6711:6838:3f94:7272:19ec,68ff12f7-c079-4fd2-82dd-8de49cca8bc0
Danielle Williams,"95177 James Ridges
West Jennifertown, IL 77757",+1-265-623-5164x418,ecollins@example.org,2013-01-11,150-37-4257,Jones-Peters,Claims inspector/assessor,brianhardy,6&mc9WAo#v,https://www.gonzalez.com/,6011300139077489,10/32,American Express,GB22DKIE03988861127599,QEZSGB7428H,016 NKM,5e:e8:35:54:5b:33,64.2.54.4,1f0d:86f4:4d88:3e38:9941:2e75:9046:e61,2e41ef35-527e-4b3f-8123-f1d7d1f5eb3a
Jessica Doyle,"PSC 4419, Box 4867
APO AP 19250",265.235.7270x844,cschmidt@example.net,1970-12-08,707-25-7377,Griffith-Ferguson,Food technologist,ortegameghan,cx1qCjRq@j,https://burns-hunt.com/,4844003585451319036,11/31,Discover,GB04EEOM31266160997364,NZHKGB5P,1SZ49,74:49:96:1d:ea:a0,114.10.123.219,d5c7:38ed:d279:918:bea7:5642:f4:54d,416989d5-7772-4314-8997-56764cb06995
Taylor Martinez,"817 Beasley Summit
Lake Joe, IN 28058",+1-435-337-8199,louisbrown@example.org,1961-01-05,119-36-1658,Stevens-Novak,Ambulance person,chughes,WGDsT3Ke(6,http://www.peters.org/,213110886110451,12/31,Diners Club / Carte Blanche,GB58EPII52747379897505,GHBGGBNF7EH,17-JQ25,e8:a7:e2:1e:89:5d,24.116.91.11,5177:16b:a8d8:4b5:c622:825c:7d4b:c2f0,bdaa7071-5ace-46c6-ba10-3061e68158fe
Tasha Jacobs,"6654 Wilson Dale
Sarahland, NH 11479",(209)764-9289x7841,rochabradley@example.org,2000-07-03,613-75-9626,"Mills, Doyle and Haas","Surveyor, mining",xcobb,YLYYsc%q_4,https://www.mcclure.com/,4676610975765202880,05/25,Diners Club / Carte Blanche,GB98CADW08411233283154,AZXBGBIB,029 9IG,50:43:4d:fc:06:a8,174.116.203.25,a2f:7538:33e2:d9d3:da76:6f85:2847:7c6d,8ab29757-a8f2-4d57-83ca-a4cee794b531
Richard Andrews,"34724 Henderson Course
Williamville, SD 00716",956.441.5877,elliottjennifer@example.net,1954-09-03,510-84-4476,Howell-Ellis,Mudlogger,floresamy,rAa4mPim9&,https://www.bradshaw.com/,4360868133194,07/25,VISA 13 digit,GB68NUNA76339155940762,QFLZGBBFQZQ,73FY883,56:b7:f7:14:7a:7b,200.126.55.104,c6da:a8df:52f7:9d29:cc95:3b77:e302:2387,c4ad0f5f-bcb7-4c1e-b770-303f5c5805dd
Susan Chen,"8722 Loretta Gardens Apt. 134
Smithchester, CA 01378",374.743.8472,scottchristine@example.com,1987-06-21,557-05-1122,"Hebert, Morales and Nunez",Field seismologist,iduarte,uHd!Qszj(7,http://www.carter.com/,2279614106712134,08/33,Diners Club / Carte Blanche,GB95FTAC99787507979492,AGKGGBB21IL,445-208,1a:98:d5:3f:90:36,117.215.201.229,d44e:2078:561b:f9bf:cf19:5ebf:1216:a625,94fa4493-ca26-4da5-a833-6c42778de2f1
Jennifer Massey,"561 Moore Island
North Andrew, WI 12984",+1-961-276-2482,rvasquez@example.org,1912-12-08,747-39-6090,"Allen, Mcguire and Martinez",Quality manager,kathryngraham,(1AKS2Atmi,http://www.jones.com/,3507580155966909,12/33,VISA 13 digit,GB27KTSX50960905591270,NTXSGBJF,876 6XM,36:c6:81:60:e8:29,55.199.174.130,c5a4:7973:d02d:0:9bde:561a:ef4e:7e25,16cc63d4-3a32-4e80-83e1-361c4ff403b3
Ann Brown,"770 John Springs
New Kyle, NJ 03248",(764)563-9176x49436,gjohnson@example.net,1908-11-25,246-14-0796,"Rosales, Stewart and Young",Advertising account planner,reyessandra,1hDp1y3p)8,http://mcdonald-watson.com/,4234476322204866796,10/27,VISA 13 digit,GB91GYGZ52669072199774,OLNOGBUE,9EU 962,de:4f:37:36:cc:7c,76.81.183.5,5a6e:782b:9e93:9ce9:397d:a953:fc3b:287e,90cd9343-bbe4-4d01-a185-f6d957754d6d
Jason Gray,"PSC 4255, Box 5292
APO AE 57890",(535)306-4983,nathaniel27@example.com,2006-05-13,478-20-2811,Robinson and Sons,"Scientist, product/process development",michele39,4)npDbMe^u,https://snyder.com/,2616311517651595,12/29,VISA 16 digit,GB46NLWT70006923498272,CLNZGBH26DW,UVR 027,8e:1c:51:89:b9:35,207.161.112.78,11a2:7133:4140:1ff5:775c:e582:4689:a881,96170a15-6ab5-4017-a649-b3ac0c422eae
Tyler Rice,"8162 Randy Port
Jessicahaven, MO 44865",423-326-6786x96229,amberrose@example.com,1976-10-31,559-98-1107,Chase-Parks,Holiday representative,nicholecastro,*3Zd&6_bEy,http://haney.com/,3504028417424203,03/27,VISA 19 digit,GB96QNPR39699700957212,MUMUGBX0,925-YCM,e2:04:8f:02:79:34,102.219.77.243,91fd:2c67:ef69:87ee:e525:9a66:15da:2ed6,b7f8bc1f-ea5c-4d7e-bcf4-0074bc89ec2f
Mr. Alan Martinez,"04374 Adkins Circles Suite 895
Lake Mariamouth, OH 69862",(795)836-9565x849,natalie52@example.com,1977-08-27,005-11-8308,Brown and Sons,Newspaper journalist,mariahwilson,Vn)8lmDqY4,http://brown.com/,4275043401441,06/27,Diners Club / Carte Blanche,GB19UPTD94400910195717,VIVKGBWCM51,R39-CPD,f0:07:9b:5b:1c:b0,141.50.125.228,b00d:19e7:e796:a9d1:7b85:a290:bc2:ea6a,12a8aafd-96da-478b-932d-2fad6a7e73c1
Pamela Cochran,"90237 Blair Mount Suite 878
Wilsonberg, PA 07758",(233)207-8420,nathan28@example.org,1922-07-14,795-31-5454,Wilcox PLC,Industrial buyer,mjohnson,^Q$t7QypyY,http://www.nicholson.info/,3552477352566489,04/25,VISA 16 digit,GB06PDUW47946106576035,AZVKGBX9,7IXH 29,f0:5c:24:f8:3b:ca,194.159.235.171,bd94:a45d:4178:933f:1bf7:185a:8a1e:773e,42677f22-c625-4bd0-8502-d246922d4c19
Sherry Moore,"4147 Young Radial
New Crystal, VI 07801",(663)917-6198,gonzalezmary@example.com,1982-05-04,257-33-8884,"Gentry, Davis and Wright",Aeronautical engineer,gspencer,y*PJ^Ad2(8,https://www.collins.biz/,3564915757686945,01/28,JCB 16 digit,GB31IMOV05880370861802,MIMCGB7Z05I,RHP-475,60:a0:c6:c4:73:ff,143.254.128.72,d9fe:22ab:4fc6:5905:cf33:7008:49dc:fedd,0b6e7763-2a69-4065-865d-aa1e521d47a2
Aaron Fields,"481 Diane Rue
East Kathleen, CO 55443",(969)558-3191x3088,josehuynh@example.net,1950-10-06,434-62-3567,"Lopez, Fuller and Smith","Teacher, music",brandysavage,Nh58bUfs#z,https://www.johnson.org/,213130471069391,07/27,VISA 13 digit,GB60VNWF87158444864979,HWKXGBWY,OJR6503,be:78:0b:0e:0f:60,184.92.173.2,c79d:e623:9b31:af6a:558c:5c9c:c255:afd2,f46b94a0-b0f5-46b9-a582-11cbad314e68
William Martin,"250 Kelley Dam Suite 680
Brownshire, NE 56477",+1-962-947-3281x1421,danielford@example.org,1939-12-15,254-19-7978,"Williams, Walters and Carpenter",Bonds trader,espinozashirley,7n*1P+Bl(!,https://charles.com/,180063054290218,06/26,JCB 15 digit,GB64HNBM62078130088176,CMDKGBN1,QZ 2417,4e:53:51:b8:b9:7b,199.190.79.175,fac2:3054:e7ff:afae:bcae:791:1c4d:6d9a,b815e544-bfbd-45c6-a0af-14d705405437
Jordan Miller,"77474 Cantu Village
Teresaville, GA 96126",+1-623-615-4864x8857,leharold@example.net,1926-08-12,891-11-1901,Chan PLC,Emergency planning/management officer,chill,P%x2YzSia1,https://daniel.com/,6011507384973564,09/27,American Express,GB06PYVB10468654353968,NEGHGBG1,SRX-3575,0c:8e:e9:1d:36:23,56.172.37.243,8556:d0fe:3366:155:c4ec:4006:6e17:2c67,d8844f61-f562-4127-a235-255ed4fbbb60
Christine Saunders,"482 Dennis Mission
Tuckermouth, PA 64354",518-246-4544,vangtiffany@example.net,1926-03-18,258-24-2784,Johnson-Brown,Plant breeder/geneticist,rodriguezjennifer,08Yza%zA^2,http://www.thompson-rodgers.net/,3541213265848258,12/32,JCB 15 digit,GB30GLRR69656165859325,JBQAGBIB,865-KXW,06:a5:1b:e0:5e:0c,24.111.139.224,3cc2:a623:8247:8135:1eae:6b05:f6fa:d9db,609d176f-e352-4dad-903c-048b5c6f2bd4
Michelle Bonilla,"32390 Brittany Drive
Ballfurt, PW 19773",+1-457-845-0804x9208,joshuali@example.net,1981-06-27,629-71-2170,Knox-Compton,Ergonomist,ashley72,!l5DvNPSW7,http://www.perkins.org/,3509457832163689,07/29,JCB 16 digit,GB04PNQS25356315319946,YJJAGBPQ,62-IT64,28:3e:db:16:87:31,85.224.197.201,f03a:31b9:8c0:d6bc:cf1a:9030:2d5e:7486,dc4b0447-e371-462d-8289-c25adde6e755
Tiffany Campbell PhD,"368 Franco Drive
Port Jeremyshire, TX 99943",001-771-846-3883x665,stacy33@example.org,1913-12-10,198-01-2089,"Hudson, Lester and Mack","Editor, magazine features",hunterryan,F1+q9Sly+4,https://www.price.com/,4125690530341,06/31,Discover,GB22XXID11931618272911,WBDVGB4D3CY,250-ZWM,6a:9c:4c:22:1e:a8,72.3.213.83,4386:10aa:39c4:a19f:f971:584e:7a77:11b9,7dc90f5c-4959-4c5c-9c47-7ad0aba0a118
Stephen Jackson,"770 Matthew Squares Apt. 325
Williamstown, ME 54231",001-631-550-4579,michelleburton@example.org,1945-03-22,260-24-3694,"Vargas, Oconnor and Berger",Merchant navy officer,breanna74,*7N74Tzm+8,http://lewis.net/,4566622943484,03/28,JCB 16 digit,GB40POWQ38678132387558,YTDVGB37OLO,T55 7EI,24:68:64:ed:2a:88,71.230.62.182,7398:a0b2:97f7:66ae:517a:fd72:2f3e:a6e4,d33a6a8f-59a9-438f-b61e-356bee6e3aef
William Jones,"63982 Giles Forges
Julieview, TN 39167",+1-793-289-9253x2005,ramseychristina@example.org,1991-05-23,439-88-8612,Carter and Sons,Medical illustrator,jimenezsheila,%F4pJ%Wh6k,https://www.edwards-gonzalez.com/,3596784335273903,12/24,Mastercard,GB22ZXCX92436027292472,YSTBGBUYW30,F 876831,10:a5:61:5c:11:42,139.250.30.155,f1c5:3972:8f98:f8c8:cb38:9a5:1dcd:75e9,119a073b-3643-4a5b-b446-f7334f91ceee
Christy Cruz,"50573 Andrea Rest
Stephanietown, DC 38978",582.975.0104x754,marksnyder@example.com,1976-12-05,780-87-5855,Bailey and Sons,"Scientist, forensic",petersonsheila,(kfN3ra276,http://www.cruz.biz/,180091428806146,09/31,Maestro,GB14GJKJ51194070138936,JVPGGBXV,143 4529,de:e9:12:55:2d:33,135.117.239.161,6126:59d0:e8f1:6a1d:f177:7365:31f7:7a55,c7156611-bc03-44de-8405-0b0746c7757a
Rachel Camacho,"0104 John Island Suite 956
Conleyfort, IL 06596",(452)961-9108,anthonymeza@example.com,1946-11-15,534-83-0144,Lee and Sons,Economist,angelajackson,+0MUmZoI)1,https://www.bryant-schmidt.com/,3505752751574799,09/32,Maestro,GB92VVZP11456206653258,VIEFGBGY5Q2,XRH-331,c0:72:50:66:7c:17,26.100.156.235,1db0:2486:fb3b:b8a6:3302:e9e9:3eab:6366,2ee68eed-045b-408c-9951-a363d8ff27fb
Margaret Sanchez,"16374 Mason Point
Shawfurt, UT 48339",+1-600-944-6075x592,michaelbrown@example.net,1963-11-14,732-74-5261,Smith PLC,Sport and exercise psychologist,cbaker,!+WGF3XO^m,http://parker-leonard.net/,4712031265436630,12/29,JCB 16 digit,GB39KDHL37173324231625,ZFARGBV1,UEY 567,66:0e:ba:3b:13:16,57.195.205.119,fffb:3c95:cebc:99b:5fad:169c:5312:1ab8,a19fea18-2b97-407e-b65f-79242d98739e
Robert Lee,"4233 Mcfarland Pine
Port Larryland, AZ 41709",(335)573-9251x70704,christopher29@example.net,1993-07-21,303-10-9037,Jones Group,Applications developer,lmontgomery,xHfd0K%a3#,http://www.perez.net/,36549917929162,12/28,Maestro,GB87AFVZ72652515914028,HUTPGB3UBA0,8DO M56,6e:fa:2b:65:e6:db,115.185.37.220,c5ea:b938:e0ed:d1e:6db0:c591:4de3:1bd3,f968e051-ad9e-4d72-88e9-5f459ae3c2d1
Sandra Oliver,"42491 Charles Cliff
Port Vicki, MS 73679",001-548-743-8279x66968,brodriguez@example.com,1914-04-16,258-07-9320,Anderson-Jones,Farm manager,anthonykoch,)7Y2mmNSik,http://martin-cabrera.net/,4109108494205977,08/27,Mastercard,GB76VMCN67428429914760,XSUUGBJ3EKG,FTY9380,cc:74:5f:96:7d:00,85.15.68.80,8099:22a5:c980:f028:39e9:4235:efcd:ec1e,c324b9c0-71d2-46e8-8873-3a2a3bbb05c9
Bryce Norman,"USNS Flores
FPO AP 20724",+1-937-953-9897x7957,dwhite@example.org,1996-03-18,184-90-5498,Chapman-Riley,Insurance claims handler,jessewilcox,&6Y@wVoWk6,https://hull-martinez.net/,2357933952381470,03/31,JCB 16 digit,GB50SKSE59436717776609,VQINGBPS,972 JIB,82:8f:a2:8a:46:e4,115.181.82.34,a80d:147e:1acb:e86e:a7c4:8383:7210:1e7e,a2bcf459-c19f-4719-8def-69ea224d7720
Jamie Hill,"819 Craig Groves
Charlottehaven, PR 38372",357-956-6536x431,robertcarlson@example.net,1941-04-09,450-29-4512,"Townsend, Ford and Little",Community development worker,hardinjuan,@6NoVI$k!B,http://moses.net/,3521730417750144,01/34,VISA 16 digit,GB22KRZA37767195947632,RLWYGBX4,413 TLQ,04:1b:7f:7b:4d:d0,2.254.103.93,46d9:46dc:7003:2af:3084:796c:289d:bcd1,501f030e-aac9-43f2-a830-e23d6d7ef63e
Benjamin Taylor,"USS Moss
FPO AE 34942",001-291-915-3661x83487,veronica56@example.net,1981-10-26,833-06-4216,Gross and Sons,Production manager,adamhorn,_h!94Javo3,https://patel-myers.net/,379324696539763,11/25,VISA 13 digit,GB94OMXU26635041641148,MUJBGBUV,01-76696,9c:eb:19:10:83:41,222.1.190.191,a38:2fdc:c449:bc0d:395f:4bab:870c:8659,8da45866-3554-4221-9a18-b0840529830a
James Waller,"4182 Brittney Point
North Elizabethshire, PA 98586",(672)628-0180,bethany79@example.org,1989-04-20,097-44-2187,Miller-Murray,Careers information officer,nicolecherry,YnJE_2pb%0,https://www.hernandez.com/,6011189829169254,09/24,VISA 16 digit,GB65EGAE27805861526058,BVWUGBBR35Q,4-9251O,92:8f:9b:b3:89:aa,220.226.138.213,75f:8d76:f0b0:3fb5:6538:a6fd:749d:ffd7,fe04aa94-1f49-46ac-bce9-e2705d7741b2
Joseph Johnson,"63549 Tracy Green Apt. 426
Carltown, WV 14063",+1-740-200-3837x77038,brian34@example.com,1964-09-16,582-80-8631,Hodges-Ellison,Contractor,petersonwesley,&*1Qdiz)LB,https://carpenter.biz/,639004347097,06/34,JCB 16 digit,GB50OJHH58297000348561,CAVWGBFPN52,ZIM 044,a8:97:22:f0:fc:66,181.36.55.137,176d:3579:a27c:af1e:c916:37b7:d44e:18a3,7df7068a-c784-4de7-9f4a-21067409642f
Sarah White,"16757 James Point Apt. 943
Johnsonborough, NM 07362",(322)854-2852x091,luketaylor@example.com,1975-01-23,141-22-4408,Maldonado-Rios,"Research officer, government",vasquezwanda,%d5ZEjem4),http://www.graves-martin.biz/,4895457175990866466,08/26,JCB 15 digit,GB76XAER77520045450472,DYLBGBWC5XK,490-RAX,ae:be:dd:42:bc:a8,151.25.73.53,a106:f8d9:8b40:3c6:7c5e:b658:661c:e663,321f1da3-b3c6-4401-af2a-c23e850eac82
Chelsea Gibson,"33697 Edwards Rue Apt. 272
Port James, VI 56941",(797)727-4438,karen77@example.net,1937-07-22,539-29-0270,Evans-Rojas,Sales promotion account executive,melissa06,7kSmv5j!$I,http://www.cook.com/,4818064883567245355,02/29,VISA 16 digit,GB51DTKK61050780028779,DWADGBHI,077-XGJ,20:c9:53:ef:dd:d2,199.154.64.73,1a15:5571:ef5d:3bcf:ec45:6717:6353:142b,37b784c1-1739-476a-8307-914168221e02
Joseph Rodgers,"22292 Chris Green Suite 019
Maryborough, CO 54282",001-428-640-1772,timhicks@example.net,1970-08-13,425-54-6138,"Gordon, Colon and Potts",Arboriculturist,ccooper,an8cXoI6B+,http://www.brown-smith.biz/,4409489211039650,02/32,JCB 16 digit,GB47PSHC57141257921728,MSIOGBFO22N,092MY,92:ba:0d:67:ce:80,6.91.48.86,6d4e:5a07:516:1c1b:9d6:d210:8f5b:f3fc,e2f24f31-5b5c-427e-8d85-339a05b8f9db
Kimberly Taylor,"08213 Dylan Locks Apt. 623
Lake Justinburgh, GA 74440",(314)250-4297x81791,smithchristina@example.com,2015-11-08,170-23-4171,"Nunez, Russell and Thompson","Horticulturist, amenity",kaylawells,!Q91daSwzw,http://snyder.com/,4331725189034698456,03/27,American Express,GB11NFLS07866730724993,IZGUGB15,3UO 795,e0:7f:1a:00:f2:f4,160.246.89.19,737e:b065:1947:d8a4:3dd:e95b:ec41:e788,a5a50377-5bf0-4562-8aa3-ca5d3d709791
Mark Gillespie,"3917 Knight Brooks Suite 897
East James, MO 36257",+1-552-408-0579,jennifer23@example.net,2023-09-28,061-88-5700,Rivera and Sons,"Exhibitions officer, museum/gallery",davidphillips,+6RgnR^tWs,http://www.payne-english.org/,3542348571647330,07/30,VISA 13 digit,GB17XOTM98358138480379,AITZGB6V,KXN 789,14:10:a6:ff:d9:7c,128.253.15.114,f56a:e7d3:4484:6475:b4bc:89ae:50c6:3985,706760c1-651d-47e3-94b5-5e77a39c045d
Mr. Zachary Jackson,"97725 Jared Club
Bonniefurt, VA 12331",285-602-7890x01632,sfernandez@example.org,2020-03-27,843-96-6338,Wilson-Nelson,"Scientist, research (maths)",williamstephenson,+vh8FNg+nk,https://griffith-hodges.com/,180009806933423,01/29,Mastercard,GB18DDLX03555715089214,PODVGBV6,21PE230,0e:ee:23:a7:e4:30,105.19.105.56,4c99:d3e0:4510:3110:e84f:514b:39ab:4646,bf97788b-9c30-4697-847f-7db51c8df115
Katherine Randolph,"356 Mack Mountains
Joannside, ID 35689",839.202.6751x5057,chandlerjason@example.org,1975-03-09,193-64-3327,Freeman LLC,Printmaker,chelsea90,$EeeMnvoC3,https://www.lee.net/,3583735773948286,12/28,VISA 16 digit,GB44XTUK71619092914075,KMMMGBDY,ZNF K40,dc:9e:a6:78:d4:ae,172.145.217.206,3945:56d1:c902:f420:1d92:4d10:58fb:805a,bd52c2b0-30e4-4a72-ad18-d3328e6de8d2
Nicholas Hoover,"82217 William Light
Mitchellland, FL 65718",+1-268-879-8423x7757,pkeller@example.org,1972-12-30,409-06-0034,Lee PLC,Call centre manager,jasmine34,(7kU8%La(G,https://collins-russell.com/,213120521987569,12/25,Maestro,GB44FHOL57540375707754,NUJMGBG2KPY,QV-8235,56:d2:09:1c:32:b1,147.238.4.121,8ad6:fe02:eef1:f392:c0da:4cae:a158:d2bd,383511d2-2945-44be-be46-e300b7fed453
Catherine Jones,"744 Christopher Mills Suite 091
New Laurachester, CA 80616",(771)290-5552,michaelhurley@example.net,1998-09-08,704-29-2059,Johnson PLC,Chief Strategy Officer,greenmichael,N#08_ThEo#,https://johnson.biz/,30034661665169,12/33,VISA 13 digit,GB22NWUZ27281373207779,VKJCGBG3,8L298,68:5a:e0:7a:df:e3,29.74.125.48,7383:faaa:c6dd:49f4:31ff:fb15:adcd:85d5,85a0a94c-4dd6-4a00-81eb-0a4a5b6543cd
Jennifer Perkins,"92115 Vickie Center
South Davidborough, GU 12381",496.843.9449,whitejessica@example.com,2019-11-05,225-35-6007,Mcclure and Sons,Lawyer,rayjason,@e9VoRg(6f,https://www.cooper.biz/,2366577449533992,06/29,Mastercard,GB72LSKJ32209256376778,AHHDGBYW,WT8 3150,c0:e1:c1:bf:01:9f,137.114.78.219,f0b4:e20f:88f3:e5b9:c1d:7fc8:2863:23a5,273994d9-21f2-427f-8db9-8bed1033c2b4
Allison Anderson,"PSC 2147, Box 3802
APO AE 78272",001-282-691-8079x69135,vsullivan@example.com,1965-12-12,465-57-4085,Johnson and Sons,Medical sales representative,christiangilmore,(0_YOjFO_V,https://roth.com/,4285127420357559,02/28,VISA 13 digit,GB80EDAL40026960654480,NXZPGBLP,805 EZA,be:31:83:af:33:52,221.76.44.36,ca0f:c314:9f1c:8302:e655:3af8:6412:5985,1db1c065-5055-4d54-9fe8-d04d90252144
Christina Diaz,"91193 Ochoa Ramp
Drakeberg, PW 47799",+1-895-243-9206,adrian77@example.org,1968-03-04,244-33-0942,"Diaz, Davis and Hernandez",Industrial/product designer,bflores,I6p*NqoI#9,http://www.johnson-bryant.com/,213128486167572,05/29,American Express,GB78CQEI18055831162798,CYELGBJD,JTO J67,c6:e4:7b:8f:95:86,46.5.0.110,1a93:a68b:4505:7fe6:8102:b33d:44b6:1b09,657186a5-f0b1-4326-8725-68481e53c8c9
Katelyn Hull,"52288 Hamilton Falls
Hendersonland, SC 71180",816.272.9053x33970,andrewjones@example.com,2011-01-17,765-05-2893,Ochoa Ltd,Armed forces logistics/support/administrative officer,walshshawn,$2LYPm+dUK,https://schaefer.info/,6513146412127944,06/28,VISA 19 digit,GB77ARAX23863483465749,YNQUGBES5NI,0BV J44,dc:4f:06:bf:93:e1,115.106.117.180,d65e:287:b5a7:c1e1:e19e:cda4:ffe9:24b6,96f5650e-2575-4c84-9582-7767fb30bf68
Donald Franco,"16435 Mark Squares Suite 550
Port Eric, TN 64041",(358)233-8963x455,morrisonkrista@example.net,1946-04-29,550-74-8484,Moore-Smith,"Surveyor, commercial/residential",nbeasley,fC87XFw@l#,https://stephens-mckinney.net/,3509566402268221,08/29,VISA 16 digit,GB14XMBX79354726619614,LRKMGBZ3LSS,ZVX 247,72:96:33:ce:ae:d0,72.142.128.124,caae:ad89:806e:be6e:bb2d:8cea:9050:554c,dcb6c1bc-60c5-40c8-a75f-c5c22ac02993
Matthew Walton,"5044 Rodgers River
Susanstad, CO 70942",(810)814-1169x84560,bradleyvaughn@example.org,2003-10-04,353-47-7122,Adkins Group,Cytogeneticist,ufisher,3$s6QZTw#d,https://jones-booth.org/,6011931907469266,07/31,VISA 16 digit,GB57XMNJ48955250787988,TDIGGBXOMAR,8842,c4:75:53:a5:d2:50,52.58.1.173,b007:cffc:ab8c:8e8e:e28e:25dc:36f8:5ed,e890563f-5c93-49bb-9ff9-ff96e7a60043
Derek Bray,"1630 Cox Forks Suite 342
Michaelbury, VA 92355",447-581-8801x30494,rebecca86@example.com,1987-06-09,405-11-2982,Mckinney Group,"Surveyor, quantity",mpalmer,ktkpZ1Tf)b,https://flores.org/,4509898638859,06/27,Maestro,GB97WCYT19524123107279,YYVJGBF6,MKB 167,50:2c:55:82:45:8b,92.102.81.152,c587:a074:3d79:d1d1:df4b:1711:1c28:fc4b,0004f6b1-0353-4409-af80-f6fdcf93703c
Austin Pierce,"425 Holly Drives
South Christopherchester, VA 74361",001-913-616-8176x7971,erin95@example.org,1993-07-05,199-15-3297,"Howell, Bailey and Ramsey","Producer, television/film/video",tammy92,*^S5!PxvpK,http://jenkins.com/,30419067875696,10/31,VISA 16 digit,GB18FELN76252424351077,GTTCGBDG,OCK-3082,a4:88:79:d3:65:5e,19.103.199.45,8f31:2b63:11d4:afb7:615e:3a92:6847:63de,f5289151-87e6-43db-8e8c-d3b6be17ee43
Julie Colon,"50859 Brooks Underpass
Barrshire, MS 18979",(863)601-9163,rachael96@example.net,1960-07-14,121-81-5998,Brady LLC,"Production designer, theatre/television/film",idelgado,S5P&1kBoHF,http://rowland.net/,3562268157449916,04/30,Diners Club / Carte Blanche,GB67HRTX02400546709997,OMJHGBZN,KNU 451,a0:0c:1a:1d:f2:f1,143.85.179.85,6d32:c091:f8ed:36b5:640e:562a:9d02:e3c4,f1d9fb1a-50e2-4f4d-946f-99577ec7fad9
Kenneth Cline,"1369 Garner Key
Ortizchester, VI 40138",871.497.8075x75281,jeffreybond@example.com,2005-01-08,300-52-8305,Jones Ltd,Colour technologist,vbell,5weBLftL^2,https://palmer.com/,4452423780312905,08/30,JCB 16 digit,GB40WMJY63396798271554,KOFBGB0F,ROH-1961,20:a2:7c:bf:f6:7c,187.56.114.57,cb2e:d37a:1901:3b09:a8e1:b13d:b0de:1ba8,785056fe-22e1-497c-9eec-be12cf373e96
Jack Rogers,"7054 Jeremy Knoll Apt. 284
Sharonland, UT 29016",(830)475-1534x728,garyrosales@example.org,1934-01-26,526-21-6947,Fisher Inc,Solicitor,richard71,)55ofkzycP,https://www.soto-butler.com/,4394993172657126,09/30,VISA 13 digit,GB17ODIO56242047762013,ZLYZGBX9WE1,6D ER249,c8:f2:06:40:7b:53,153.50.138.138,ba1f:f117:fb53:519b:22d4:e80b:be8d:4728,52387fe2-6068-465c-9040-29a1a85c68a0
Emily Hartman,"8308 Margaret Stravenue
Lindashire, MP 93056",859-357-9866x4842,tylerlee@example.com,1981-07-31,573-99-9022,Nguyen and Sons,Broadcast presenter,stephen53,x16LHjjC!T,https://robinson.com/,4754119174651347,12/28,VISA 13 digit,GB32NNSF04077551175907,IASRGBQ2XYE,028 9UM,de:e8:fa:2e:8d:86,33.53.213.243,382a:5f0e:a070:24a1:ed46:3193:ae3b:5508,eb260734-da5a-4bd9-88bc-1b70f6c3414a
Dakota Fields,"19921 Ralph Branch
New Tanya, AZ 65602",+1-643-902-7879x8645,catherine63@example.org,1911-12-07,203-10-3581,Marshall-Erickson,Ranger/warden,sara74,)+J2y!IuqN,http://davis.com/,346523239952967,07/30,VISA 13 digit,GB24ITEC52694132038356,JVOJGBCNN82,930 LRA,18:1e:18:2d:dc:c3,76.71.55.46,8f34:abf4:324b:373b:8bff:9532:5cd5:a28f,0b6de872-abcc-4be0-a949-97b1befee905
Daniel Clark,"89518 Angela Lane
North Tonyside, PR 86923",(332)202-4999,sherry55@example.com,1998-06-18,608-78-1795,"Marshall, Johnson and Herring",Tax adviser,hamiltonjay,v0EoyBsP)L,http://www.black.com/,6577406911760758,01/29,American Express,GB63PAXY85465193237598,KNDHGBOL,LAM-7363,da:64:2b:1a:e8:c5,116.220.108.133,e105:ea71:4f75:5271:f257:ae0c:677a:fa98,f238bd83-0549-4a54-84c1-b5e73e5686a9
Gabrielle Gonzalez,"Unit 1874 Box 8351
DPO AA 94773",+1-719-611-9456x94218,obrienpamela@example.net,1940-03-23,337-78-5663,"Thomas, Horton and Clark","Programmer, applications",torresbrian,eX63)Z$n%_,http://trujillo-reid.biz/,375970502111959,01/27,Discover,GB75YEIN35488700584035,VDHZGBG3,8RUC766,bc:b4:78:1a:d4:ec,3.216.139.219,44ce:bc52:f1c7:5906:13b2:284d:3cba:1d38,d0e947a2-c728-4ab1-85d4-9db1c462bb1e
Timothy Hoover,"Unit 2450 Box 0940
DPO AP 65090",(504)958-7460x0386,zbullock@example.com,1910-09-30,813-16-6802,Watson Ltd,"Designer, fashion/clothing",brandyjackson,V9PZDwe&!p,http://alvarado-cowan.com/,377677009390519,12/33,American Express,GB78GYSF63965110773303,HYVOGBA2,HKA 045,9a:7e:82:fa:a6:ca,101.253.77.80,6fa5:97fe:f95c:3aa1:b523:cbee:a8c8:8fc6,219cdef3-d1b6-4308-915f-66afd697380c
Sandra Holt,"PSC 2706, Box 6088
APO AE 96984",786.542.9688,stephaniesimmons@example.org,1954-11-16,195-36-1752,"Vargas, Neal and Cooper",Public relations officer,cjohnson,$y72oLshw!,http://www.ramirez-graham.com/,213143328469425,06/28,Mastercard,GB52FWKG68717763373912,IZTSGBU8,742 NJA,d8:da:08:1a:c9:35,92.133.175.226,2094:318d:2d10:9260:c3a2:bb0d:1871:6336,122751cc-9e50-401f-bea2-db529bf08b7b
Chad Conley,"51622 Morgan Freeway Apt. 160
Kelseybury, WV 09476",001-468-671-2485x6232,annette87@example.com,1980-01-09,276-78-0150,Walker Group,"Engineer, production",campbellshawn,m)9X16pk9P,https://martin.com/,6534446874713784,07/27,JCB 16 digit,GB85ZZTQ92748642873491,CUBGGB8EIKW,7IBZ 01,3e:7c:ea:8c:fc:a2,143.163.82.217,c1b2:2c7:5345:6f71:6f55:6dbf:e909:8d87,8c72b4c1-4bd6-499c-a02d-075f9617a0cf
John Garcia,"9840 Michael Center
South Jared, TX 79063",(836)375-4098,oneillchristine@example.org,2021-03-21,269-77-0926,Cox Inc,Computer games developer,mark53,lj^v4OomD$,https://williams.com/,3567370299689204,04/33,JCB 15 digit,GB74GYDG66087463862517,KMODGBGF8M7,2A160,88:88:bd:ba:ab:26,138.47.50.94,e8ff:3cef:5b95:a3a:879d:99db:6722:6cc7,50903856-b151-41c3-8bb3-3541cebdae78
Lori Campbell,"729 Robert Passage Apt. 071
New Sara, GA 32356",324.852.5776x2483,apena@example.com,1979-09-14,519-04-1294,Miller Ltd,"Teacher, adult education",rachelwright,HmyIAlLw)5,http://www.schmidt.com/,30491183879894,07/28,JCB 16 digit,GB28TTRZ47553110557619,QNIPGBGE,ELD 615,e6:40:37:fd:84:af,32.116.150.156,5a47:7982:28bf:8b08:e568:eaae:4a68:facc,4f80d796-1906-43d4-b178-57a6a41c308b
Kevin Terrell,"981 Brian Hills Apt. 848
Williamsborough, VA 60396",001-974-575-1134x9895,sheilacarrillo@example.net,1941-09-15,174-28-2747,Parrish-Allen,"Buyer, industrial",gmarshall,zM(53XCok0,https://www.lawrence.com/,4900540805217680764,10/29,American Express,GB66BJDS57573379253466,TCPZGB9BDZ3,WE6 2475,64:db:f8:93:f2:ee,142.90.65.84,8aa4:fb56:90ea:8c94:3c96:6f2e:848a:19df,3b348d7b-80b7-4518-a598-bb99b4cffdd5
Megan Sampson,"25833 Cynthia Crest Suite 881
Fitzgeraldfort, VT 04114",(614)871-4888x7498,norrisevan@example.org,1942-08-18,078-15-7175,Myers-Davis,Dealer,angelafrank,#V#8Wyo6i6,http://www.monroe-lara.com/,180074037685788,08/25,VISA 16 digit,GB90YFAI22373441410914,EWWOGBMW,4TGG260,ce:11:e5:3c:3f:cd,149.65.40.96,280:b29f:3c32:60c0:3e9c:436d:9158:41dc,b4fdd9b9-f383-4977-82f9-a0dd7854009c
Dylan Hobbs,"404 Daniel Drive
Kimborough, WV 78361",001-557-646-8160x37119,millersusan@example.com,1949-05-21,712-82-3615,"Campbell, Walsh and Cain",Bookseller,dale44,_X5JfxZK@G,https://www.franklin.biz/,4011598095425013522,03/29,VISA 16 digit,GB34KZZI61244031264428,IADCGB0OTWH,896 XYQ,f0:a3:ed:d6:67:8f,81.11.90.63,7cb0:683f:b924:cdbe:78ac:f8d3:6e42:6817,525c7b8f-2882-44ce-9774-685f7710bf27
Amy Clark,"6359 James Common Suite 359
Davisside, OH 89213",+1-246-507-4612,smithjustin@example.com,1916-07-27,881-01-2852,Baker PLC,"Surveyor, quantity",juliajohnson,x5gE)BHh%M,http://mitchell.com/,4281360709413725377,05/32,JCB 16 digit,GB37ARFC80896384570927,MHCZGBQHP8K,329-MMN,de:74:57:c1:71:d7,188.96.97.201,44c2:c54f:6aba:c21e:8dab:8ee9:ca1e:f8b3,750d4ed7-3fa7-4557-8f82-c70d024e5796
Troy Foley,"099 Woods Place
East Micheleborough, PR 40579",+1-952-426-0144x9344,washingtonalexis@example.org,1953-02-05,349-20-4511,"Smith, Gonzalez and Smith","Engineer, energy",boylemonica,$7uM8Jjlu+,http://ortega.com/,676266594818,03/32,Diners Club / Carte Blanche,GB15TWEA43911225752608,AOJPGBW5,XW 00957,a6:49:69:ad:98:a9,65.159.245.218,ad7c:544a:551e:7195:2c32:f866:1a54:1406,9dbbca00-494b-49a2-97d0-b666b64fb4b3
Angela Garrett,"0748 Paul Squares
North Phillipton, NY 11482",+1-855-286-7871,patrick30@example.net,1912-10-11,183-57-3002,Allison Ltd,Aeronautical engineer,josephcook,J37iQfS$!U,https://www.beltran.com/,4540709410133859,03/31,VISA 16 digit,GB09ELOA82623149408268,CIKKGBDKYF6,FDJ 619,40:2b:ba:67:1f:6b,11.227.90.193,95bc:c74c:535d:5959:e9f0:3e90:74d0:c38b,4874eb50-0d38-4b32-8de5-7afa17bc9506
Joseph Tran,"46877 Bradley Meadows
Millerborough, ID 06459",5253549748,margaret58@example.org,1934-09-04,398-93-6238,"Esparza, Cunningham and Leonard",Psychotherapist,kingjason,44KT!YPq(c,https://www.zhang.com/,060490531286,12/26,VISA 16 digit,GB54UCBI67311670829818,NEYRGBOJBL6,QWR-162,ce:d5:a3:e7:d1:87,205.105.224.63,9985:43d6:656a:dd6f:c5e:b344:4070:2af2,2477c8f7-91de-497c-9281-5daefe58663f
Scott Hopkins,"955 Lyons Landing Suite 166
Courtneybury, AL 66587",+1-633-871-4043x251,qhickman@example.com,2007-07-17,862-56-7563,White-Keller,"Civil engineer, contracting",katherine34,@oyD8MbxC!,https://fitzgerald-scott.info/,4455935072106031,03/25,Discover,GB15PJLY68850562813140,ZKXSGBAB,402-JRH,ac:97:b2:17:9c:21,202.155.115.62,312c:12bf:697a:f8df:c738:7127:1eaf:eb0e,6e92f6f4-9346-4836-8721-13c60e5159cf
Ryan Garcia,"575 Moore Mills
Port Charlesbury, CO 02631",608-715-9243x52406,pgay@example.net,1999-05-27,298-44-9949,Johnson-Martin,Museum/gallery curator,sharon04,!t*TB!)u0h,https://www.jackson.com/,4693862928338,03/27,JCB 16 digit,GB76LUEG16569971366684,LVMNGBB3COR,CXF-577,9e:67:bb:4b:36:93,70.243.177.151,c17c:4729:86d6:640a:63de:95bd:dc59:4e06,78b82ae0-43f6-4b2b-97a3-4cb5d830c6a1
Tyler Lee,"0110 Parsons Camp Suite 033
Port Kimberlyshire, NM 92652",(323)968-9701x495,tmarsh@example.org,1928-12-16,248-88-5397,Newman LLC,"Lecturer, further education",nboyer,(1I^2i1yEi,https://www.cruz.biz/,4648900206030,09/26,VISA 13 digit,GB71ERYH76041808391044,EJKIGBT4AUB,085 JIP,74:df:99:5b:4c:94,150.243.48.46,370b:4935:7695:2b44:52ba:4845:c4ad:3882,3181e681-f77b-4b2e-a41b-c5cad8f9cbe0
Wendy Andrews,"USNV Harris
FPO AE 32378",(575)739-3774x081,justin37@example.net,1940-04-27,734-57-6443,Stevens-Herrera,Claims inspector/assessor,josephharris,!4nW5xSe(U,https://www.curtis.net/,6011822483797420,11/26,VISA 13 digit,GB03WNWN56957868936696,PENNGB9G,575 HUW,6e:eb:01:06:07:29,178.154.248.194,8ea1:e673:a17d:fa9b:4ef4:a3f8:6237:d364,8951ae26-e55b-4c04-ad7b-ad17d826961b
Marissa Allen,"7830 Briana Plain Suite 146
Stacystad, KY 64643",001-614-952-8481,wmartin@example.com,1966-11-29,426-52-2778,Keller Group,Contractor,janet42,$P@+z2XcsJ,http://www.thomas.com/,4616111499438570961,05/28,JCB 15 digit,GB79MRWD26115036167137,EPNXGBFT,655PKH,78:9f:b8:d8:96:bb,44.126.92.69,463e:600e:e792:a3d8:b6d4:1844:2558:c9fc,4af141e7-7799-4cc0-bcb0-ca27eca74cd7
Timothy Gordon,"16643 Shannon Plaza
Jennychester, HI 62441",001-346-546-4649x470,yatesvictor@example.net,1984-08-17,103-57-5855,Smith-Stokes,Cartographer,amatthews,2buUTzMb^2,http://www.malone.com/,4548840940100837,07/27,JCB 16 digit,GB53KENS42464402502016,LUZPGBP88EF,IEA-736,44:02:4d:f2:4d:84,222.35.123.65,39c1:cb40:175:cf36:c4fc:8ed3:7fc9:5a82,bb0b88b8-a0ca-4d88-bc83-8f9138da1c41
Frank Beck,"PSC 8442, Box 9657
APO AE 17136",5635332113,kelly40@example.com,1998-06-02,565-95-5910,Howard-Randall,"Teacher, primary school",ericaponce,%tu0aP*ss$,http://campbell-smith.com/,3508246973150055,12/29,VISA 16 digit,GB12TKQE93759895468468,UHGKGB52,4-1951N,d8:72:8c:a8:bb:23,196.150.147.7,5017:37b9:7a3c:a3f4:833a:dddf:8745:bf72,042ce15a-4197-451a-8474-9c913b963bd9
Christopher Burgess,"PSC 4624, Box 7300
APO AA 33452",413-282-7241,calhounjamie@example.com,1963-10-13,783-29-9942,Norman PLC,Retail merchandiser,michelle83,fV5$O)Ob$4,https://www.mitchell.com/,36152208084936,01/26,VISA 19 digit,GB36ACLO47080604213710,MRLBGBWT,03-8454X,16:9e:5e:c6:1b:f9,190.130.244.56,b3db:2170:8be5:3ea1:80e8:f2f1:27:e2a1,6efe054b-90f6-485b-bb0d-f65bf59013c0
Deborah Lopez,"PSC 6520, Box 8379
APO AA 90602",8538036113,kristen37@example.org,1964-02-07,036-48-5088,Adams-Elliott,Academic librarian,krhodes,+0!2W!gf^V,http://gilbert.com/,30269645245585,08/31,JCB 15 digit,GB29THCT84813881258265,XHWNGBJD,828287,7c:3f:47:c5:4c:81,31.20.244.166,aaed:5983:ec22:ac2a:1429:6683:c50c:6597,bf7ca293-d257-4a78-b58f-ad3c67626e60
Barbara Yu,"056 Moore Branch Suite 703
Port Kevinhaven, AS 37367",001-641-875-5027x904,fcastillo@example.com,1909-12-14,564-29-7457,Valdez and Sons,Plant breeder/geneticist,ronald13,T&H6IdVtaH,https://bailey-boyer.net/,676191534814,05/30,VISA 19 digit,GB43GRTB57475945724986,FAFJGBKV,ZUN5771,64:35:dd:f4:d4:fb,159.111.218.90,4d10:d11a:611e:5789:473a:aa54:61ef:ec33,1c7df832-169a-4bd9-ae73-4b0e4b74df91
George Hardy,"57821 Hall Village
Lake Amanda, MD 66099",+1-685-987-8722x90147,amanda32@example.com,2010-08-10,674-01-7857,Gross LLC,"Education officer, environmental",wmoore,5E$3PKh4Pb,http://cole.com/,6527928156178439,09/29,American Express,GB10OBXJ32182710686269,XWHKGB08AYU,1QH 228,12:15:0b:8d:a8:f6,61.28.144.173,3c22:1923:733e:ab4f:4d76:976:9043:d241,cc12d537-4f88-4d22-8ffd-dcb915ec5d09
Kelly Quinn,"740 Lisa Ridges Suite 651
Cooperview, NV 94992",876-254-0692,dconrad@example.org,1956-06-02,181-46-9024,Ryan and Sons,Local government officer,ashley47,%yeMDlpe2v,https://smith.com/,213193601873157,08/33,Maestro,GB07TWHO65919603399485,GTWCGB8V,743 8XV,b8:34:86:5f:06:63,97.31.19.118,2e90:118:5ed8:5649:2631:ccf2:910b:e703,7a48b624-bc1a-4cca-8c36-173df4bebf37
Beth Jimenez,"02288 Colleen Bypass Apt. 392
Clarkeshire, IN 57999",251.826.5518x260,jacobrichards@example.com,2015-01-14,554-46-9315,Alvarez-Calhoun,Colour technologist,blevinsbrandy,2YJKOjvQ)G,https://gray.com/,4995531810792337708,10/24,VISA 16 digit,GB58FOPN87498552091342,NGPRGB8KRE8,954-UWN,00:39:9d:90:74:1c,214.19.200.202,6bf7:e709:53c8:5169:7d75:efff:7be:e78,25590b2b-07df-4cec-b399-a3a811f251e0
Meghan Baker,"PSC 8464, Box 1719
APO AP 80800",475-986-7032x31958,zthompson@example.com,1935-04-25,190-06-1151,Harper-Smith,Town planner,burtoncody,F_8YCv4^Ss,http://www.hawkins-mills.com/,3530429252032267,09/24,VISA 16 digit,GB87TCAH14360928254525,TEJVGBWXP0X,UD5 0219,36:1b:77:57:0f:8a,93.14.142.138,3534:52cd:7e4d:9ced:22f7:ddbd:2228:1c18,51b20203-eeec-4b9a-9ca8-8514c73e7b59
Christopher Shields,"2234 Ashley Walk Suite 870
Theresaton, CT 62100",694.203.6940x31195,anarowland@example.com,1986-06-22,049-61-6952,"Thompson, Martinez and Smith","Scientist, biomedical",tellis,)7I9XEcFF7,http://www.edwards.biz/,4586017633042767528,05/29,Maestro,GB37KGZK51461397465897,EHXTGBC4WOA,6KV 031,76:f2:dd:6a:65:7c,119.7.78.199,d327:61cb:9c8b:77eb:57b7:cdd4:7b34:71cd,366a6244-97b8-4f01-bca3-94d9784263e4
Jessica Thompson,"2554 Crystal Harbors
Millerside, NE 58109",+1-524-453-2578x3620,brownlauren@example.org,1992-07-10,029-59-6200,Young-Valencia,Jewellery designer,kevin68,S$A8G5Srd7,http://www.pratt-simmons.com/,4627205557443488,11/24,JCB 16 digit,GB82VVFH66580547589168,FLSYGBAW,I 536411,10:cc:80:b7:c8:22,129.81.227.201,ba53:2bf5:c210:9723:849a:e998:8118:1801,c9ff04e0-489b-4bb2-b2ec-d67b2ffeafa0
Pamela Vasquez,"203 Smith Underpass Apt. 623
Stephanieview, DE 31827",456-575-4681,ngonzales@example.net,1933-07-07,501-50-4493,Hartman LLC,"Engineer, agricultural",james85,vK9AqX*my^,http://armstrong.info/,6594701341181958,03/30,JCB 16 digit,GB58KLNP02915101818004,HFVQGBG7C27,05-RC19,26:27:94:31:c1:6b,31.206.166.142,87ba:7fdd:2a9a:7ddc:e76b:c769:abbe:9cc0,71c6d49b-6601-4d2b-b0bb-04f986363e65
Lisa Mitchell,"Unit 1824 Box 7002
DPO AE 78402",817-925-4990x57260,amychavez@example.org,1915-11-05,673-01-7182,Sanchez-Pope,"Engineer, electronics",ibrock,%S(i8CtIVB,http://www.davis.com/,180044679708545,11/33,JCB 16 digit,GB67FBXT31254667979207,RPLVGBU6RUI,11B 852,ee:87:64:ab:4c:c0,130.4.162.37,26f:918f:c485:ad9b:7bc8:d5d4:4e28:1bb5,4dd33174-e761-4c96-8006-b849eb0811dc
Luis Jackson,"4426 Kevin Ridges Apt. 696
Michaelshire, GA 60881",6528968450,crawfordjennifer@example.net,1992-06-26,836-59-2739,Jordan-Nelson,Museum/gallery curator,uwalters,#PO@5FZb6V,http://www.nelson.net/,375127166545648,07/31,Discover,GB06JXYF03080763996651,NYZYGB0EJL0,Y51-NKC,d8:59:4d:f0:c0:9d,189.242.129.237,2576:7844:f477:5ee4:c9c2:9b59:f1b2:3604,980638fe-a352-45c1-90ff-7d453f686808
