이름,주소,전화번호,이메일,생년월일,주민등록번호,회사명,직업,사용자이름,비밀번호,웹사이트,신용카드번호,신용카드만료일,신용카드발급사,IBAN,SWIFT코드,차량번호판,MAC주소,IPv4주소,IPv6주소,UUID
권정숙,대구광역시 금천구 개포거리 (정순이리),052-557-0467,ihong@example.org,1909-08-02,070324-2639627,유한회사 조,광고 및 홍보 전문가,gwagjinho,+#MRf7TuM8,http://www.anan.com/,3531763313399110,02월 25일,JCB 15 digit,GB57MABY57066584122739,VCLYGBKPPQ2,MT8 5896,a2:26:21:21:8e:5b,73.24.98.149,c06e:e056:b74b:1623:d2f:a4a8:8d90:5d8,1abfb0ac-4b09-4f29-bbe4-c579c587c877
이경희,대전광역시 중구 개포09로,042-035-9867,myeongsuggim@example.org,2013-06-16,510700-2539566,주식회사 김노김,임상 심리사 및 기타 치료사,cajunyeong,&WA^d8rlF5,https://jusighoesa.kr/,3502083417156109,07/33,Mastercard,GB64VFQI49694206776200,ZZZBGBDG,71T•679,c6:66:e7:9f:75:4d,218.61.11.241,a46e:a33f:e8ca:b5af:46a7:9ea8:1942:d4e,4f07641f-09b0-4390-81a6-0a51d04f1384
이지혜,경기도 수원시 영통구 언주로,062-482-5456,xbag@example.org,1989-04-26,160114-1172419,유한회사 권,대학 교육조교,hyeonjeong53,3N_U%xpP&9,https://www.ju.kr/,4607268177565548,09월 24일,VISA 16 digit,GB39KVNS90824485214699,MAJVGBNX,517HV,36:bd:6c:bf:fd:90,150.252.239.41,8a75:bb22:eac:53e8:2044:a15a:59d6:19a5,f350a883-a4a8-4377-b201-936450187200
서현준,경상북도 옥천군 반포대거리,010-4619-9711,bageunju@example.org,1939-08-02,590119-2586944,(유) 이장이,화가 및 조각가,hyejinyun,AnuZ0XvjL!,https://www.seoi.com/,3.76073E+14,05/34,American Express,GB02ZFWH31898150207835,VIUXGBZDDOE,01L 4412,9c:a1:93:d9:73:d9,141.47.225.73,46de:8390:4f2:df82:5bf0:9d88:4043:e63,da0caa6c-3e72-427f-a977-6bf584fda638
이정숙,부산광역시 서대문구 언주9거리 (영진홍동),052-745-3916,dohyeon65@example.com,1984-11-16,100303-1920039,유한회사 최,기타 금융 및 보험 관련 전문가,kgim,$36GVkokDg,http://nomungang.org/,2438626793203456,07월 31일,VISA 16 digit,GB77YJCM25390875189363,OMMVGBQR,1E905,b8:e6:66:29:01:09,111.92.62.165,e2f9:17b8:b48b:9924:6cf4:1c2f:e572:211d,8059cfdc-769f-4c7f-b03c-14a116197729
김순옥,경상남도 수원시 권선구 테헤란가 (승민정류동),044-602-0201,yunseo30@example.net,1971-09-24,750611-2174128,(유) 이김황,기타 종교관련 종사자,gyeongsui,NfT9x6Vky#,http://www.igim.kr/,2256262278693471,07/34,Discover,GB52UZLF46390310423374,JLKLGB8J,VHK 890,ae:33:19:87:46:94,208.4.245.133,94bd:b4d3:3b09:24d1:45bb:978e:af2e:9945,00e3abb4-f9f0-459a-96b6-50d16ff7f92d
이영철,충청남도 아산시 개포421길,033-933-3821,jbag@example.net,2018-03-04,680210-2671667,김이오,바텐더,bagseojun,!X4ju0d_d*,http://ryui.org/,6512222113944803,05월 31일,Discover,GB47NMIM00603853474214,XUSSGBEZD94,671A1,b2:de:f2:e1:81:d9,92.250.173.32,f9af:c703:56db:7bc5:7343:144b:b951:cb98,de5b15af-9001-4e77-a2c9-aea958a95b55
박중수,부산광역시 성동구 석촌호수길,011-919-8279,yunseogweon@example.org,1914-02-02,590005-2677942,양박박,무인 경비원,coemijeong,KR^g9ugU2),http://www.jusighoesa.com/,3579052529298008,11월 24일,Diners Club / Carte Blanche,GB41JWML13522191497096,NAHAGB2723R,98Z U83,56:f5:f3:31:3f:61,162.209.164.228,fc7:4bea:a535:628d:89dd:c3a3:6ceb:63aa,45f043c6-d7f4-4d50-b1cc-73860c1a69f3
이채원,서울특별시 도봉구 학동길 (정식윤읍),017-538-7712,jihunheo@example.com,1965-03-29,610915-2345025,권이,상품기획 전문가,hyeonugim,#$8q!Be37B,http://ju.kr/,3.04554E+13,07월 30일,JCB 15 digit,GB28LZBM96214121471614,AOWKGBOIK4N,QTZ3629,7a:82:45:14:06:76,21.249.53.11,cc5d:fd48:5f26:9cf1:5887:be41:9a70:3820,57851007-ac5b-4a74-8b50-4b9c8e30a7d4
김민서,부산광역시 중랑구 테헤란로,062-937-8191,iyun@example.org,2020-10-13,430828-1191968,주식회사 김이윤,영상 및 관련 장비 설치 및 수리원,yeonghyi37,d+H0v5NbRp,https://www.gimigim.org/,4.3942E+12,07월 28일,JCB 16 digit,GB64BLZI92425622603358,KNYMGB4Z,DHM V73,6a:b6:10:83:11:45,120.55.155.63,4759:cb16:9fa1:7215:6cb6:4b8c:5045:d114,76a39d23-1103-4157-b1c0-f39a3f0a7a91
이지우,대전광역시 구로구 서초대251거리 (민수김마을),062-700-5132,yunseonghun@example.net,2020-03-16,920826-1965766,홍김,환경공학 기술자 및 연구원,imyeongsug,_30eYugUnj,http://jusighoesa.kr/,4825880255117269,04월 30일,JCB 15 digit,GB31XJVT50691256178133,JFZZGB2HUGU,5PW K28,be:f6:fe:1c:70:b0,31.122.212.44,e7c:bf1b:4a26:7b81:26e2:d884:32c5:93c5,1fe0e729-e12b-4a7e-95af-764e6eaf86ac
김현우,경상남도 평창군 삼성4길,061-078-7792,gbag@example.com,1995-04-03,480823-1462269,주이,종이제품 생산기 조작원,subingim,r!OHGL)d*3,http://yuhanhoesa.org/,4227467379542459,07/32,JCB 16 digit,GB22FGTO41374096573143,ZXWMGB1G,6-C6081,16:f2:ac:c5:b3:14,41.120.45.114,a83:29b6:f797:9c84:fad2:74c9:a3a3:7fd3,bc566a65-2421-4ac8-93c7-7e9b056d4931
송지민,광주광역시 성동구 선릉길 (영미최김면),043-593-4844,jeonghuni@example.org,1980-10-19,340301-2859371,(유) 김,해외 영업원,baegjiyeong,9ZGu6ZNgh(,https://bagbaeg.net/,4.10262E+12,02월 27일,VISA 13 digit,GB96HAWB04735190040887,YBQPGBZD,366HS,b2:1a:60:1a:90:92,14.216.133.224,632a:309d:7900:62cf:82b6:5328:d7:62d0,7ee5fc29-2bec-4d05-b998-af6f5c8691de
유민지,경상남도 서산시 양재천265길 (상현김면),02-9560-0446,seongjin63@example.org,1917-07-30,660518-2353165,박민,의무기록사,xgim,toxRSRdA$8,http://www.yu.com/,4.73853E+12,08월 29일,JCB 16 digit,GB64EMZN28903593934672,WUUEGBNY,XDP 690,44:b6:a9:20:24:7b,81.206.104.216,41d7:16a7:52c4:b13b:e24d:22b2:ff94:b643,53a6736d-d979-40e0-8e81-a870b467394d
이영식,경상북도 고양시 일산동구 잠실78길 (정순이리),062-505-7065,yeonghwanjin@example.com,1947-10-20,250110-2559441,이문,비서,ijihu,#NAME?,http://yuhanhoesa.net/,5473389827372891,12월 31일,Maestro,GB52DRQL16878049867413,ICNNGB1Z3JI,5WE5031,88:3e:6b:8d:c7:b8,102.241.134.16,6253:ca19:e9b8:8416:8e47:c51:da50:470a,aa6ef30a-e043-4144-a2d6-dd892571d580
이영호,대구광역시 용산구 선릉3길,016-078-6464,jiyeonhan@example.net,1966-08-08,420907-2642386,유한회사 이,기타 종교관련 종사자,eunju37,rdXO5Gqh%K,https://www.baegibag.kr/,1.80085E+14,10월 24일,Discover,GB16AMFQ79205902371531,QLJZGB2HYAW,4M852,64:7f:56:05:49:cf,87.81.4.230,274:f7c2:3efb:1435:f74a:5297:2ee4:9714,60ea36a2-c44f-44c4-9642-00b04ccf2d46
이영길,전라남도 계룡시 선릉844가 (현정최권동),011-965-1521,hyeonjeongmin@example.net,1974-12-08,350319-2777420,김류,지휘자/작곡가 및 연주가,minjigim,K&33DjZjDG,https://ogimgim.com/,1.80044E+14,12/33,Maestro,GB25DUIJ82204867137197,THWLGBA6,1TL H75,d4:07:7d:20:a0:42,6.141.123.92,265e:d8e:a890:ac3e:2a66:4f76:7e30:fe9f,50be8905-4ef0-4fe7-b469-04d0b2cff02b
황성호,경상북도 보령시 양재천거리,017-414-0410,seoyuno@example.net,1916-09-14,860522-2579761,유한회사 김곽박,의지보조기기사,geonuseo,fjK+SbL@#3,http://jusighoesa.org/,6011740722354813,10월 25일,Diners Club / Carte Blanche,GB51HWHY26755532858756,HVTVGB0J3OS,HNX 483,ca:91:8e:4f:5d:45,215.148.20.14,2667:f5de:1c6a:954a:5ab8:7c1f:6295:3676,6ba31620-8a50-45e5-bea3-be475f4b7de6
한정수,대전광역시 종로구 테헤란46길 (명숙최동),031-056-0150,juweon13@example.org,1953-09-17,100128-1027937,고김박,가구조립원,yeongjin49,&dc1cIySc$,https://www.jeongimi.kr/,3591408496322466,01월 27일,VISA 19 digit,GB08TGON13620731663281,DVNWGBIZ,KHC 352,3e:27:63:2a:b0:8c,69.41.138.49,d7af:1ae0:11b6:4efc:9a2e:b5f2:b50c:d5ee,2abf4137-c9c1-41b2-86cb-ae502cbb711a
진은주,광주광역시 용산구 봉은사길 (미정김읍),054-044-5229,agim@example.com,1913-10-17,430628-1455495,유한회사 권,상담 전문가 및 청소년 지도사,vgim,&8scEvqzMM,https://www.ju.com/,4313431097063045,09/31,Discover,GB82EENY20351050141058,DVLZGB9R,JE-0552,2e:3f:7a:69:85:5e,190.158.208.20,4c3a:7588:fb11:8488:59ee:cb0e:e02:fb26,735f3cfd-7475-4ef2-aa0b-ba2ab00868fb
김상호,강원도 오산시 테헤란1가 (예은강마을),051-074-6957,jeonghyigim@example.net,2013-09-01,250907-1244583,송이,김치 및 밑반찬 제조 종사원,gangsumin,%FC2OfK8Ao,https://jusighoesa.org/,1.8004E+14,08/32,VISA 16 digit,GB13BXLL48344626149565,RRMQGBI29UM,I94-98K,c2:bb:2e:eb:cc:22,93.41.167.25,20bc:64e1:9e6a:3042:e5aa:811b:f931:7697,27fe3c85-5351-49a8-8958-e917db2cf7c9
남경수,충청북도 고양시 일산동구 언주793길,041-743-7495,wcoe@example.org,1954-02-05,000816-2851510,(유) 강김홍,웹 및 멀티미디어 디자이너,jihuyun,#1$r8XlwJ#,https://www.baggoryu.kr/,4205555704911694468,12월 27일,VISA 19 digit,GB45OYIJ27813555008485,ZFXQGB7A,8QW95,54:e5:e0:c5:77:19,166.254.15.15,140:64c1:72db:d726:de20:f399:f0ec:93ec,ae5eba1e-08ea-4290-9825-2b50cb6c8334
이성수,경상남도 계룡시 서초대3로 (경자김김면),017-817-5661,ggim@example.net,1917-10-31,980203-2546051,김이황,네트워크시스템 개발자,seongmingim,ok05G*wrQ#,https://www.bagsonbag.com/,4154239225854125942,05/34,Maestro,GB95WFKF84562659094009,WNZJGBH4,0-X9479,ac:eb:38:62:12:89,108.88.130.8,91b0:88c4:99ea:6b54:373c:1a98:8300:af45,40eaa7ea-e2e2-4bfa-976e-2b163d9a71b4
이예은,경상북도 안산시 상록구 서초중앙길,061-157-8670,jiyeongim@example.net,2017-12-09,890715-2693179,성조,작가 및 관련 전문가,geonu67,K6!R0Tqs7K,https://jusighoesa.com/,1.80021E+14,12월 24일,American Express,GB14OZTW66218317569378,UDHOGB8WSM7,DR-6053,b4:4e:d6:fa:ac:79,49.148.209.117,3147:1b99:6eea:85a8:89b8:b291:27b8:c8a4,f0b8ab8d-957e-484c-a8ec-e86d81878727
안병철,경상남도 용인시 기흥구 삼성0길 (정식강면),017-972-0199,yeongsuni@example.com,2020-08-13,420000-1467643,(주) 박박이,금속 / 재료공학 시험원,seunghyeoni,3K7cBSPq^t,https://gimi.kr/,4978418272037205,03월 30일,VISA 13 digit,GB08GXHI32120428415756,KVIFGBI2,S39 2ZX,10:35:15:89:fb:25,78.21.88.195,931a:acbe:4180:70f6:a050:a209:4a37:405f,e1966e9e-7b56-4bd0-a0cb-1a3741822abd
권동현,경상북도 구리시 반포대790길,018-960-9440,asong@example.org,1976-01-03,510620-2741600,유한회사 이,임상 심리사 및 기타 치료사,yeeun53,&wu9CIGev7,http://www.bagisim.com/,4130675518188945,01월 30일,JCB 16 digit,GB81TCUA30627952710002,LTMNGB93VFU,6-5717B,14:17:5a:4a:3a:96,169.223.152.200,6de0:47bd:b02:e05d:15f:1627:d987:4566,d0f1b04d-8d5b-4835-83c5-470b4b90d3b1
문병철,전라북도 부천시 원미구 석촌호수83가 (예원김손면),016-539-2391,gbag@example.com,1965-02-28,640813-1526741,강김,한의사,yeeungim,(O*a$iXve0,https://igimcoe.com/,4.99394E+12,11월 24일,VISA 16 digit,GB50AFJY33138710962244,CKWSGBX3QZL,T66 5BO,ec:36:a2:29:98:36,68.106.91.35,4c3b:28b2:7487:ff69:4d65:75a7:2881:51f8,6f904a2f-7c59-4bdd-b6d5-063914d99399
이상현,충청북도 속초시 영동대거리,054-367-4248,rsin@example.net,2014-08-21,060526-1805477,(유) 고조한,사회복지사,ugim,dDN$7FIdFr,http://www.jangsong.com/,6591582019003853,09월 24일,VISA 19 digit,GB70UCMP51038715449926,UIJBGBSL,224VM,c8:16:bf:3d:5c:91,48.135.193.85,a69e:8281:b309:ee1b:249c:8748:3190:7447,65e18b75-6d3f-4e21-b13b-37aa75b9d995
김경수,충청남도 양평군 테헤란거리 (정호남서읍),062-186-3820,hansumin@example.net,1977-01-11,390522-1772435,(주) 이박김,감정평가 전문가,jihye68,!7vNLviuX6,https://yunha.com/,6.76357E+11,09월 27일,VISA 16 digit,GB41HYYZ94939819838694,SZAEGBUW,364Y8,2c:82:79:9e:6b:5e,2.241.85.226,e95e:fb76:346f:b026:7c1a:91e5:7824:488b,3e1b2a7b-1f8b-4daa-bd60-7b2aff16a51f
김은주,경기도 부여군 가락가,064-761-9051,gyeongjagim@example.org,2020-07-31,120405-2449936,(유) 김서이,기타 연극/영화 및 영상 관련 종사자,yeonggilbag,13GvBL2z&J,http://gimgimjeon.com/,6.76138E+11,12월 24일,Discover,GB42PNRW25947375126069,ARVGGBCII4O,7TI51,82:29:66:4a:83:71,144.130.201.15,6a21:7e33:d51e:13dd:f32c:c057:9cc0:3b63,a9536771-a06e-4fc8-a9c4-b872b54c1a77
이서준,충청북도 평창군 서초중앙0거리,062-406-7770,myeongsug60@example.com,2010-06-15,450721-1240977,주식회사 류김송,재단사,yejincoe,Tv2CEZAvX$,http://www.yuhanhoesa.com/,3.04178E+13,05월 29일,Mastercard,GB71ZXNW37163498398528,PECNGBRI,239-MJJ,56:05:b5:49:29:b5,168.196.121.163,fd27:be29:934d:3148:67d9:e619:610b:ad2a,7e3b5259-dca6-440d-acca-5e09f9d59145
류영진,강원도 가평군 서초중앙03길 (아름박이읍),063-071-4281,wgim@example.net,2001-03-08,380800-1792831,정김,고객 상담 및 모니터 요원,hyeonugweon,Mzn7Lqo)!%,http://gimcoe.kr/,4458345457233789,02월 29일,VISA 16 digit,GB64JGHH51640854329509,TLBCGBCSRN3,672 CR0,e2:c4:cc:3a:c2:a8,53.223.162.251,e589:e385:8880:e63d:ceb5:6caa:4054:616e,a6898bce-1352-4c60-aefc-712eac9b9341
윤준혁,세종특별자치시 구로구 학동415로 (재현이오면),033-253-7889,gimareum@example.org,2005-07-31,980107-1724184,이최김,기타 직물 및 신발 관련 기계조작원 및 조립원,pi,q0FyE9Si$V,https://hwangan.com/,4682325261495643576,07/32,VISA 16 digit,GB37QGJC29586927652242,HJKOGB26UNU,992-NCM,6a:33:b5:53:7d:8d,3.187.162.99,1c10:d5e7:6e7a:78a2:a289:fda4:c607:7dc8,d6c9868c-2490-4a6c-a714-5d1d2b1eae22
장민지,경기도 화성시 영동대길,064-764-6451,ai@example.com,1933-09-02,610022-2925383,이박,농업용 및 기타 기계장비 설치 및 정비원,jangjongsu,N#6Y7t75^c,http://www.ju.com/,4246960052155302007,02월 29일,Diners Club / Carte Blanche,GB08LVEL71878136603047,OMPCGBJQ9TQ,593 PIK,6c:bb:b3:26:5b:04,32.70.78.57,ca4d:140b:29d3:c3b2:44a2:beeb:ed77:c213,9c77de93-a9d9-4b03-a2bc-ea2fbf2ab60e
안영희,대전광역시 중랑구 양재천25거리,031-408-9487,jiminhong@example.com,1941-03-13,740603-1511153,김김,공업기계 설치 및 정비원,geonu79,)OL6RKeg!B,http://gimmin.com/,6.76168E+11,03/34,JCB 16 digit,GB10ZLNE85006223418801,NYICGBGIDH8,141GWS,42:cb:00:59:c9:19,73.230.105.232,b8d8:cd13:bd76:bec:91af:4360:bc6a:cdf5,590755ff-04c0-4d98-bf4d-87e13e789de0
김정순,전라남도 여주시 학동3가 (서연최김리),054-411-1548,anyeweon@example.org,1914-06-03,270829-2611118,(유) 최,화물열차 차장 및 관련 종사원,gwangsuseong,%YNtpoQi%2,http://yuhanhoesa.kr/,3.45778E+14,09월 28일,Mastercard,GB21DCOP20968905895323,JJOSGB0S,405-BYU,32:70:6e:af:1a:ab,92.181.98.187,b56c:8dc7:480:56f7:5ca9:4a9c:dc12:9bb,ac69da60-1e20-4401-a817-f38ecff232db
최민재,경기도 음성군 봉은사로,054-084-5164,agim@example.org,2023-11-21,230228-2606129,주식회사 노박강,건설자재 시험원,seonghyeon14,)7(5SogM_0,https://www.ju.org/,4076949062604615,10월 26일,JCB 16 digit,GB51YJIW38260055637953,BJJMGBPC8Q1,218 KNX,0a:55:f6:9f:b5:e7,106.166.124.36,dfc5:4930:6fae:5c43:cb90:792d:6894:b673,d585f58f-d2b0-4e34-9314-3e69067371b7
김영순,대전광역시 은평구 오금3길,054-967-7610,gimsunog@example.net,1987-06-18,040729-1650926,유한회사 서성박,무역 사무원,seongminbag,!1SGHuWoNB,http://www.gweonjang.kr/,3.76048E+14,02/32,JCB 16 digit,GB27SONI94633597484243,XWUUGB5M7NI,MEQ-8553,96:6c:e0:36:6a:d7,213.250.161.111,2b71:cc5:f7d3:679:4646:3629:6f2f:4bd7,e27f891d-0cdc-419b-a21e-6b65cdc50cb8
오영호,충청남도 삼척시 삼성길,042-453-2117,minseo09@example.org,2002-06-10,390410-2249186,유한회사 엄,철도 및 전동차 기관사,seongho24,%1AFAnmTxa,https://jijeon.org/,6.76387E+11,05월 30일,VISA 16 digit,GB32TWNH92371594578743,CPCHGBTR,3N 10010,1a:95:4f:8a:1e:42,81.145.226.66,82f9:6c3a:c1e6:8c5f:5a6e:21eb:ea16:5872,18f6b8e4-10d9-42cd-9e64-dc724e5c663c
박상호,전라북도 성남시 중원구 양재천가 (지민김이동),054-346-0794,pseo@example.org,1967-03-20,260000-1571795,이권이,중식 주방장 및 조리사,imyeongsug,wgJOAO2f*9,http://www.yuhanhoesa.kr/,3561476058306611,06/31,VISA 19 digit,GB36YUDD79505904513496,QZUAGB4F,622-MGL,f4:38:21:fb:86:d9,200.248.177.202,3f21:5737:3f13:f59a:aa39:1688:b883:14cd,dffefc9e-ca65-4f6e-bcf8-49d4ed778691
김건우,충청북도 김포시 서초대25길,043-630-8133,minseo56@example.com,1967-11-05,550817-2998988,(주) 허,금속가공관련 제어장치 조작원,jaehona,Uzy7bPv4u&,http://jusighoesa.com/,3.73197E+14,06월 28일,Maestro,GB58QTAT07884505597824,SFNTGBEXP2J,NTK-4650,00:dc:aa:89:32:d8,147.199.133.118,a5f3:8227:b573:6c21:506b:b49e:d2b9:e4a1,83bafe82-5427-4874-bb39-d53e73743ebe
김정순,충청북도 청주시 상당구 언주가 (지현최면),042-095-7786,sunja38@example.com,1963-11-01,740915-1722730,주식회사 김김박,기타 건설관련 기능 종사원,jihu39,Ls$1VApQ!!,http://www.bagi.net/,4.87515E+12,06/32,VISA 16 digit,GB67JXIG71092151260368,BQPWGBJTX5A,9W 65745,9e:dc:c7:56:d2:a6,128.56.170.24,6e4f:1b7:e8ad:ba9e:ce93:a91:ff2d:5545,de634ef6-fbc8-444e-b949-6d5c859798a3
윤준혁,충청북도 광주시 개포29가,010-4915-7868,mijeonggang@example.com,1997-07-01,920600-2433730,(주) 류최김,음식 배달원,baejeongsun,qW^2YLJay6,https://www.hwanggim.org/,4130486525790255,04월 26일,Maestro,GB97TWIC65897224838451,XSVXGBIEKKG,337 XQS,92:23:b1:08:52:35,200.21.222.222,5571:42f0:13b5:283f:fad5:4dac:b35d:1050,6cf41482-4854-4225-b70e-0542b645141a
오성민,서울특별시 서대문구 삼성36로 (지혜최이읍),070-4714-9146,ni@example.org,1964-03-26,610527-1412001,나박,양식 주방장 및 조리사,seonghungim,t3V+VXOt(J,http://gimgang.com/,3.0242E+13,12월 24일,Mastercard,GB56OUWH11175792146485,LWWDGBT2,73FQ6,fa:54:1f:8f:66:52,89.132.0.179,e8d:397b:5ad7:38d6:5456:b0f1:3ee7:4821,5dfc3317-7ed2-4741-b0ea-9ac3447d6c4e
오수빈,제주특별자치도 동두천시 양재천거리,010-9807-5016,sbag@example.com,1974-07-21,010611-1966005,주식회사 이엄윤,정보통신관련 관리자,jiugim,$U2L^^sz6*,https://www.baggim.com/,3.02537E+13,10월 26일,VISA 16 digit,GB22LEDS62751060697634,EOPVGB78XBX,F 353959,9a:c1:92:e9:28:2c,205.40.42.123,8189:e0c6:2ed7:afa2:c17d:d12f:abab:841a,894ad860-65c7-4eb5-bea4-5d8536e526b2
김하윤,경상북도 동두천시 서초대로 (정호이마을),016-322-5696,yeeuni@example.com,1992-09-14,920703-2407763,유한회사 임,감사 사무원,seoyungim,VY+2O2j043,http://www.ganghwanggim.kr/,4262777052829627,04월 28일,VISA 13 digit,GB27SABC96479109402625,FSMRGBZF,307-838,c2:50:19:ed:5a:aa,106.69.180.145,94a2:7579:e47:b1d5:a7eb:3d10:1eb2:b4ea,6d875571-1ea3-4701-8c54-2e09840310d2
이준혁,인천광역시 서구 서초대3거리,070-6424-4558,hanjongsu@example.net,2000-02-16,330511-1742958,주식회사 김박오,가전제품 설치 및 수리원,ujinbag,@64elAgc5t,https://www.hwangi.kr/,3566026739881170,11월 28일,Mastercard,GB10AXMM01798414703845,PFCTGBWO,404-133,00:af:24:3e:a8:ca,77.244.187.118,1f29:d6d7:2c9a:5631:2773:baf7:a6f3:fd47,7980a8ee-37db-46e8-9cd7-67670ec0e71a
문성현,전라남도 충주시 반포대가,010-6327-0482,seojungim@example.org,1946-12-05,230822-2746433,손하,기타 경호 및 보안 관련 종사원,ggweon,+L28P3AbJ*,https://baegim.org/,4891233325554765,11월 27일,Discover,GB69YJEG04609921018618,FEOMGBHSMQK,550 JFF,c4:e8:80:24:07:68,7.28.77.215,8893:f0fe:eb43:7649:5c71:a8ce:27a:2bd7,8025cbeb-57ae-4255-9d49-d2e64eb515dd
강경수,울산광역시 은평구 봉은사702로 (아름이읍),043-611-7529,yeongceolgim@example.net,2019-10-20,770007-1034919,오성김,생산 및 품질 관리 사무원,yeongsig45,0W@YzCNV@3,https://www.yuhanhoesa.com/,3.46257E+14,11/32,JCB 16 digit,GB53VVYX76263993209346,WEGWGBMZ8CA,42-3529L,c8:f6:d3:88:84:5c,122.117.203.25,45e2:48bb:9920:38e2:7d10:79e8:9dd5:85b2,9ffbd7ec-5bef-4227-a006-a5f719d497ae
류서준,세종특별자치시 강북구 테헤란453로,041-902-7579,yujingim@example.net,1973-10-22,670217-2236078,유배황,가수 및 성악가,jungsu34,Hj*J!8Nlb&,http://www.yuhanhoesa.kr/,3.02667E+13,12/33,JCB 16 digit,GB07HIVD78128138351560,LSLHGBP4,213-VQV,16:82:4d:9d:72:d3,222.40.152.11,6325:c567:6f8:bb6b:9448:93d8:6a33:7c33,9ea9ca4f-c3b0-4b99-b030-ddfb51de26ee
윤민지,대전광역시 송파구 압구정3가 (옥자김리),052-590-0713,bagjungsu@example.com,1943-11-11,450220-1019826,(유) 이박서,농림어업관련 시험원,ijeongja,Bo01(UeH^2,http://yu.kr/,3.78675E+14,07월 30일,Discover,GB49QBLP40582904341756,KSPVGB01,OL6 G4X,de:23:c8:2b:ec:ef,157.113.109.111,5ace:d9bf:6cdc:edcc:1d64:5a89:2c7a:86f7,6c7f3dab-20eb-4f3a-aa0d-b58e4565cbbf
고춘자,울산광역시 서대문구 개포7길,010-2931-1264,hanjeonghyi@example.org,1942-07-22,260016-2928632,(유) 신,양식원,jiu10,ux1ITVk6!H,http://ju.kr/,4841030549358051,09월 26일,JCB 15 digit,GB62BJEN84211943320184,BEMCGBI5WM6,VLL-5831,04:1e:97:27:97:10,76.234.90.61,6ed7:e97b:c183:b9b3:e5b6:f907:4db1:a665,1506a30f-e809-431e-b148-8aa98978a42e
한윤서,강원도 홍천군 백제고분거리,061-896-4763,yjang@example.net,2001-12-14,940322-2919859,김권이,숙박/여행/오락 및 스포츠 관련 관리자,haeungang,C+0Uxzkyn4,https://bagsongi.net/,6011298687180301,10/32,American Express,GB23NKAA90821216829570,DFTKGBP5UHR,LLV-4645,a4:97:c7:75:ae:44,51.115.37.35,eb81:c7d0:109a:4c1b:b096:b720:f0b6:eea3,1d7d1fa1-3486-4549-b24b-118a840c7512
홍승현,대전광역시 동작구 서초대2길,054-038-8823,yeeun97@example.org,1909-04-04,490629-1034384,이오,용접원,yeonggilyun,JtZeC5wD(5,http://www.baggimgim.kr/,4407336210045737,08월 26일,VISA 19 digit,GB27BVHU53553946317566,CIYAGB0H74L,35-G317,82:1e:9e:20:40:0e,135.212.222.231,cd6:cf7b:61cb:91b9:d38:5e6c:a167:fbb,af894cca-9f96-4f87-a929-0c0807405490
이지영,서울특별시 강동구 강남대786로,031-433-2177,ujin73@example.org,2001-09-30,640707-1447845,(유) 곽,촬영기사,jimin09,(5Ptmg09O3,http://io.com/,4632242121895789,03월 30일,VISA 16 digit,GB58FQOC32820209578648,QGYUGB3LGUH,265-AYK,88:3c:73:d6:97:04,202.225.225.255,123e:3415:e772:8b39:7d96:f436:7bfe:2fb2,001b85bd-c395-4e0a-acbb-3768c7825b13
차병철,대전광역시 송파구 석촌호수길 (지영김마을),061-531-3101,gyeonghyiyun@example.com,1962-04-20,020323-1309680,(주) 배이김,표백 및 염색 관련 조작원,yeonghwan79,(1iQtVUbyb,http://www.ju.org/,4033161994247099,07/33,American Express,GB61TWLN52712670692966,VZFAGB98YNU,ZEC 120,e0:8b:0f:6b:ad:b6,160.181.127.62,6949:7511:be95:6043:7149:38ee:acd3:6ebb,6640db87-e7c6-4449-ac5f-bc4ecc561404
김순자,전라남도 음성군 언주35거리 (하윤송동),055-005-1259,ojunyeong@example.com,1932-08-06,600222-2801638,박오김,치과위생사,seoyeonggim,K#4ieIKcOx,http://yuhanhoesa.net/,3.40951E+14,06/33,JCB 15 digit,GB36KPGV08172106635698,LIDRGBBO,KRT 278,82:9e:33:a7:f7:a9,51.164.201.233,dd03:d532:be4:c4e1:669e:8bc1:bdf2:45a1,577ca510-55be-4f27-bf24-8953d6d8181c
나승현,울산광역시 영등포구 도산대1로 (광수김김마을),032-676-3020,gimdoyun@example.org,2021-09-16,490308-2589991,(유) 장서신,금융관련 사무원,eunjeongi,J1_hS3UuB9,http://ju.org/,4084082713774407687,11월 24일,VISA 16 digit,GB07QHCL09816010465725,QPVGGB3J,KVI 814,54:3e:e7:95:4d:72,34.188.43.194,99c7:838d:e1ad:838f:f0c:3782:fcb7:335,1c34981f-ef46-4321-bc95-06f79f47813a
황순자,대구광역시 구로구 선릉로,063-364-5634,jiyeonghwan@example.com,1922-02-24,620007-1560655,최최박,기타 기술영업 및 중개 관련 종사자,seohyeongim,tmkEq3Kw+S,http://www.yu.kr/,6.76247E+11,12월 24일,American Express,GB94CEHM73458044021992,ECZZGBIIQJF,O51 8JO,68:55:5d:21:24:c3,149.114.168.160,b381:3029:4e0a:7379:37dd:1191:cede:8d14,b33916e0-0a47-4f22-a91b-5d02b8daa2be
윤민서,경상남도 용인시 영동대2길 (은서박이마을),063-571-0994,subin38@example.com,1992-04-11,260903-1986833,주식회사 나김강,외선전공,jihui,59EkG2ws@d,https://ihong.com/,4098750339212552,11월 27일,VISA 13 digit,GB27RDIW50221054840973,DWMOGBRS,411O,74:f4:5e:73:c7:35,15.242.172.117,230d:b9a9:c6b9:8bb6:4b8e:fe8:9ec9:4b53,2e90ab2b-873c-47b9-a493-80fcde1ba0ba
김승민,울산광역시 성북구 학동662가 (정호권박마을),064-742-6780,yeongsig46@example.com,1931-01-09,760107-1552524,(주) 강김박,귀금속 및 보석 세공원,yeongsu08,o@p5P3zh$1,http://www.yu.com/,3.44454E+14,10/32,JCB 16 digit,GB47VSTU59351372695847,FNHRGBVLJYL,4RLB988,18:1f:00:01:41:72,141.30.216.71,2c6a:f0ca:d5aa:28e3:c755:a1d0:26e6:1cb8,b9b16a2d-f62e-4c42-9905-00bf679b3732
안예은,충청남도 평창군 논현가 (하은이이마을),055-979-6333,jangminsu@example.net,1926-03-22,190425-2721491,서김,미장공,yi,^5ehUvm6@3,http://yuhanhoesa.com/,3.84113E+13,11/32,American Express,GB06AKMJ69824930091437,QHSEGB3XX2K,924-JTT,30:86:95:a9:3f:a8,119.178.34.216,256:2e8b:dd11:8289:2ae8:d6f:ca26:9fa0,1a2388e2-d71c-4265-8206-07146b1747d6
이중수,경기도 구리시 역삼길,010-1399-9610,yangmiyeong@example.com,1919-06-04,570723-1180635,주식회사 박,기타 석유 및 화학물 가공장치 조작원,bgim,^2&SFrqmMV,https://www.jusighoesa.org/,4824158499798819,05월 28일,VISA 16 digit,GB76VTQR47771321020186,NORPGB4LVF7,H 889419,ac:8f:9d:34:0d:ba,189.174.235.229,c55e:af9b:2160:c6a4:956b:6d0e:c2d8:e248,29307e62-f238-446d-a96a-7f4d74db3fd4
이영자,세종특별자치시 마포구 삼성77가,032-344-4542,ybag@example.com,1984-09-23,980024-2233920,박이,법률/경찰/소방 및 교도 관리자,sanghyeonbae,K(6RB49D$j,http://www.yu.com/,4937901649582094,11/31,Discover,GB20JZNX56022305110096,KXKMGBTW,46-R223,94:70:fd:e2:3e:f9,199.100.193.99,7de7:d050:1755:83f6:e589:50f3:90d7:2e97,1e4b1b46-8918-4f88-91e4-4cd900a62851
김영자,인천광역시 북구 삼성거리 (상호김마을),018-440-0653,sha@example.org,1942-03-22,410820-1409241,주식회사 한,방사선사,sanghyeonbag,e2oL7T1l*Z,https://yuhanhoesa.com/,3567090925961658,04월 27일,VISA 16 digit,GB34GEIR24132219268427,XCYXGBSH4CM,991-DZT,32:0e:5a:d0:d1:e7,34.84.215.98,926b:6350:f3e1:25c3:4721:e256:e514:2eee,a76e3a65-f3d7-490b-8433-8c69a93a27dd
이광수,부산광역시 은평구 개포거리,051-241-6511,yeonghohan@example.net,1998-12-30,610818-1890534,이황,기타 종교관련 종사자,yejin92,%6M&EDpgS3,https://igweonheo.org/,4653160828117812588,11/32,JCB 16 digit,GB10NYEL73730085573405,CWSZGBR5,187 DAQ,cc:9f:c9:e2:f4:b6,177.81.92.115,df73:1cfc:5869:7b37:d0bc:2b6c:c660:1e23,d91dbf78-104e-4c83-bdf9-6385f25bfbcf
박성민,충청남도 공주시 서초중앙가 (은지황김동),053-960-7847,jeonghunryu@example.net,2004-02-10,230425-2083371,주식회사 강구이,감독 및 기술감독,songseohyeon,^&T9+Cv8&H,https://www.seoiseo.net/,4965601431479625,09월 27일,VISA 16 digit,GB20PGSW56045021281423,EGZTGB7U,0920 DZ,22:03:47:19:e0:fd,196.192.205.126,ff22:51ef:fba0:eab4:5907:6c42:1362:5acc,4bf844d7-54ee-4086-89fe-b521224604cb
강지훈,경상북도 고양시 압구정로,02-4669-1003,bgim@example.com,1950-05-02,180710-2122457,이이최,제빵원 및 제과원,yeongceolson,_i9hT^Rju$,https://www.ju.kr/,3.49616E+14,09월 29일,Mastercard,GB58CJAV99991188924513,XFMCGBIM,009 DRB,9c:dc:b1:5a:e1:d6,79.237.161.52,cb07:ada:5575:e3dc:2f92:9eb4:a9c3:9913,81aa4d63-fa62-43f6-b2d8-431f8bf5a6fb
양승현,세종특별자치시 동대문구 봉은사거리,019-540-6805,yunjungsu@example.com,1958-01-30,490228-2161017,장양김,도장기 조작원,zi,&S4aKu)l1v,http://www.seogim.kr/,4.55161E+12,07월 29일,Diners Club / Carte Blanche,GB38LFZF62354144126782,VZCXGBXX58U,7E KO857,24:b9:76:d9:28:51,10.28.66.164,2c07:3b0f:b3a3:b024:76b5:60a6:a006:a7f3,1441d065-df7a-4554-af5b-dbfb8f907ed1
류준영,대전광역시 강동구 가락86길,053-714-8818,yeongil59@example.org,2002-06-26,190508-2233217,(주) 이,의지보조기기사,ogjagim,wcZM6OJNR*,https://www.gimi.kr/,3.40128E+14,08월 27일,VISA 16 digit,GB98VZVU60243055798998,RMZIGBV6ENE,562 EMI,b0:32:20:f5:a1:48,136.19.8.47,2240:f:fc5a:914b:e29a:2e4c:23fe:d88c,b7eff2f7-8728-444d-8240-9bd4346fdbb7
홍하은,인천광역시 은평구 학동로 (예지권엄리),053-878-7513,sugja73@example.com,2010-12-09,040311-1477734,(주) 권,전산 자료 입력원 및 사무 보조원,areumgim,a7_3Crd68L,http://www.namnabag.kr/,6.763E+11,02/32,American Express,GB60PTOU72820481615041,OEVOGBJS,Y 627881,3e:e0:9c:b3:3e:13,12.75.158.216,8ef0:7f20:f1e9:f6bc:62de:e167:b2b1:6861,b8a34869-5507-4daa-a513-97d82cac945e
김재현,전라남도 정선군 양재천거리 (지원김이면),016-898-7363,ijaeho@example.net,1983-07-24,060818-1344221,주식회사 김이김,생명과학 연구원,yejun12,X+0AMCHvH*,https://www.nogim.org/,4433709468680975,03월 26일,Discover,GB67UQXU10795855026014,KERRGBI4JI2,SEL2124,64:eb:c5:df:6c:22,123.104.189.32,cfe:28c7:26c2:9a6d:a0e4:aa8d:fc54:cb82,c79121d2-129b-44ae-8223-515a8fa9cf3a
김옥자,전라북도 광주시 테헤란4로,041-551-3013,yeongsun67@example.com,2019-11-25,370610-2878220,(유) 송,응급구조사,kgim,(PnngX$l3g,https://gimgimi.com/,3577374156554749,03월 31일,Mastercard,GB94TRYL34652207532764,VTTKGBGM,ZG2 X4I,82:db:3f:cf:46:7a,198.209.127.239,7800:f9e1:3f93:8c3:3713:a810:9bfd:2086,94821c1e-95e3-4cbb-bd52-cb9d56b66406
김준호,제주특별자치도 계룡시 석촌호수76거리,017-818-0899,yunseobag@example.com,2010-02-09,550116-1786129,(주) 김,성직자,pbag,%7Xt5uJeM(,http://www.ibaegcoe.com/,4767816136772815,10월 27일,VISA 16 digit,GB62JQWR79105822973021,IGWTGBWC,5XR4060,de:3a:9f:2f:36:1b,71.230.174.77,5bba:e969:2bdd:484a:587a:1d95:8a28:718f,f5058cd4-c13d-42bc-ae2e-2df0f9b2e64c
강지우,광주광역시 용산구 백제고분4가,041-843-5531,kgang@example.com,2013-05-18,410312-1446986,박박,데이터베이스 개발자,yeongho68,@2WI(ZCTth,https://coegweonheo.com/,2240589920317037,06월 29일,JCB 15 digit,GB74WETE07976028341633,DSJHGBPGZDC,ZK-6044,32:c7:93:8b:a6:f0,170.48.230.153,2c66:7674:654c:c078:c5f6:8d3f:8446:ddb5,f6660937-98c2-411b-8146-e550ab933598
김예은,전라북도 안양시 만안구 언주971거리,010-0844-8835,hanseoyeon@example.com,1957-01-21,600812-2457670,주식회사 배이박,무용가 및 안무가,omun,(mAJs@xDq7,https://yunbagbag.org/,2.13148E+14,05/33,Discover,GB20XNPX84142405086609,BWMTGBPTSL5,61IU1,30:c9:29:de:4c:a9,43.234.149.203,5da3:85e7:d24d:56c8:29cb:2dd2:4118:7c79,df109b9e-48cb-47e8-a94a-20c3de23f749
최서준,대구광역시 용산구 오금길,032-782-5787,gyeongsugim@example.com,1973-03-07,960825-2378559,유한회사 오고송,신발제조기 조작원 및 조립원,yuncunja,lSe4RRRu#7,http://www.ju.com/,3.72065E+14,06월 29일,JCB 16 digit,GB55NRBV72241395561101,TLWJGBE4E3B,M65-WOG,20:81:4a:36:c0:14,4.159.69.101,3881:1ff4:7b01:f954:9a5b:d41d:2d37:4df9,6caf0840-c75d-410c-ba92-6fe81caff8eb
오지연,강원도 양평군 개포44가,041-263-2534,myeongsug05@example.net,1971-08-19,150511-1318282,(유) 홍이김,관세사,jaehyeongim,4n*ZjQ%x+m,https://www.simbag.kr/,3.05594E+13,07/33,JCB 16 digit,GB27UJXT75914774840302,YUKRGBXI,BVO2518,72:f5:9a:31:6d:1c,44.149.15.119,7098:3c6:4728:56a3:8e89:32a5:43ca:1bd4,fb0a9ff5-0214-4ae8-9ba8-41144c5b5f35
이동현,전라남도 가평군 테헤란90거리 (재호김면),032-616-7337,bagyeonghwan@example.net,1949-03-19,490310-2990473,주식회사 이이이,응용 소프트웨어 개발자,hyejin47,R5LnlHFf%K,http://www.ju.kr/,3.72384E+14,02/30,American Express,GB82BYOK84791807556799,VMYEGB12,051606,82:6f:2c:fb:81:0d,193.8.188.186,2cf2:7936:1d72:411a:aca3:7a3c:27d2:dbc8,9b464079-e6fa-4296-b3bf-eaba77d4b3bd
김병철,울산광역시 종로구 백제고분64길 (상호양서리),061-125-0737,hyeonjui@example.net,1949-10-16,500907-2862432,김김,타이어 및 고무제품 생산기 조작원,fgim,!kJR5BCQS&,http://yuhanhoesa.kr/,3.68582E+13,07/34,JCB 16 digit,GB65FNCH20733006136190,VUYMGBQP,14RW254,fc:dd:2c:e3:93:14,7.193.215.48,8a85:929b:6a93:606:9d88:f0e1:4157:2e89,82443dec-2162-4e82-855c-8a7b6f554044
박우진,경상남도 원주시 언주거리,02-1052-7062,jihyeonmin@example.org,1955-05-13,840901-1319878,(주) 한,큐레이터 및 문화재 보존원,mgim,c0xtiDex#d,https://www.coeigim.com/,3598586967918467,06월 27일,JCB 16 digit,GB62TJWI36040148120621,VONPGBLX,9V 77613,68:54:31:9e:d7:7d,88.33.175.169,d019:bfae:7da6:c501:bb3e:774c:1a78:5662,a1d0bcb3-e572-46d1-bba1-dc6bf95dddda
오준호,대구광역시 관악구 도산대98거리,032-949-0695,gangmyeongja@example.net,1998-10-11,990314-2512139,박김김,매표원 및 복권 판매원,dcoe,+7LIzdUH1C,http://ju.kr/,3596672469133953,12월 25일,JCB 16 digit,GB31PACL65969920641676,VANBGBV4,NE7 M9H,b8:8b:5b:cb:96:60,66.4.2.175,71ca:35e7:9d00:41c4:8bb4:b70f:9ce8:57c8,c393d597-0a8b-4465-b426-1c7756a0e3e9
허지혜,부산광역시 강남구 봉은사702로 (하윤권김면),011-750-7022,coeyejin@example.org,1998-01-04,430426-1363109,주식회사 김,직업상담사 및 취업 알선원,ojang,4arIN16p#W,https://sini.com/,5.75692E+11,10월 25일,VISA 13 digit,GB48THJN37612475630257,YFYKGBD8,549-JVC,00:41:c0:59:a0:66,65.121.100.132,dfd4:7da0:bf9:8434:4a89:6ea2:dfd2:2a9,2cc86121-6f23-49bf-95d4-833bf5d75b7c
김정희,제주특별자치도 고양시 일산서구 논현018가,061-546-5424,seojun31@example.org,1952-01-02,860011-2523574,(주) 장양김,농업용 및 기타 기계장비 설치 및 정비원,tgim,9O)U23Rz0),http://namgimi.kr/,4.83162E+12,04/32,Diners Club / Carte Blanche,GB26QTQP81240068764676,OVMAGB1F,408-147,dc:19:58:52:34:ff,183.100.207.43,ff3d:2878:4d9a:60a:95bd:d18d:e18:b001,2037a31d-3140-4abc-a2e0-3ec05de0b72b
최민서,전라남도 서천군 테헤란가,043-385-3354,sanghyeongim@example.net,1909-01-04,270220-2306799,장조이,사진인화 및 현상기 조작원,yeongsuni,T9p3ZTae%H,https://yuhanhoesa.org/,060451655512,04월 30일,JCB 16 digit,GB71GGVF77755230987371,JXKUGBJ21NV,BJN-350,18:56:f0:45:f5:11,180.88.64.74,875e:a8cc:59a6:95bf:cd64:2ae2:f77e:4f87,8b241e76-447c-42ba-b7e0-543e33174262
송지현,전라남도 파주시 학동3로 (지우양읍),043-522-5478,wgim@example.com,1915-07-20,210729-2113108,주식회사 양김양,생산 및 품질 관리 사무원,myeongja51,&J1Sx#rKSO,https://www.yuhanhoesa.net/,3504156821247306,01/33,JCB 16 digit,GB14HBFK98411871759832,JTNZGBD50LP,NH-3331,cc:d9:5d:f8:f9:79,147.161.196.52,99d7:5b15:e753:8edd:d83e:cc9b:9c08:c436,eff03fe4-2d21-4ab6-9eef-c60b464a8e00
오순자,세종특별자치시 강남구 강남대44가 (상호이읍),031-613-0448,seongmin69@example.com,2010-08-05,660126-1488053,(주) 박,일반기계 조립원,cmun,1+jbAfUj#@,http://www.jusighoesa.com/,3.01487E+13,08월 24일,VISA 13 digit,GB14OHML87245929405677,GKQJGBDC92Y,W79 2YM,84:cb:7f:3c:e4:68,150.111.235.225,3cd9:5f16:935b:aea6:908a:1241:1c12:5954,76fe45af-1232-45c6-970a-d2f8456337e1
박영환,경기도 수원시 영통구 언주가,051-879-5491,seoeunyeong@example.com,1922-08-29,550322-2898137,주식회사 박,운송관련 관리자,khong,yjY7KelOk@,http://gimhongji.com/,3.49945E+14,02/32,Maestro,GB47WKNA50369682157535,OXMFGB7ISJ9,8L S9871,08:32:ff:e7:62:51,66.241.174.238,f7e3:fd9:2602:3513:f847:177e:7d42:9207,3ea7dc9d-7628-4380-9571-13299fc1db45
전우진,충청남도 용인시 수지구 도산대길,054-791-4313,usong@example.com,2000-01-15,300428-2185088,김양,주방 보조원,jeonghyihong,H6_y3QNwq),https://www.heoigim.org/,3.4737E+14,09월 28일,JCB 15 digit,GB67HNPY82017043077140,XIQMGB5Z,NNL-128,52:b5:c3:5f:f2:46,128.36.50.191,cac7:570f:86a5:ab61:9a9e:946a:74bc:4875,6524abcd-ee27-401f-9f92-be523f049c9e
이정자,전라북도 원주시 백제고분984로 (정순손면),053-216-2562,haeun41@example.org,1961-10-08,420300-2110628,(주) 백한김,인사 및 교육/훈련 사무원,yeongho79,69IPUGo&+4,https://www.jusighoesa.com/,3.00935E+13,11월 29일,Discover,GB62PRTJ73247962397540,KJYTGB4I,1646 SY,88:a5:1f:8c:44:23,139.11.6.251,1ccd:9dbf:d8c6:5582:e9eb:a4d2:ea86:e3ab,72244835-878e-4fba-be43-95d85a72f635
김옥순,제주특별자치도 김포시 봉은사가 (영환오류읍),070-2314-1942,wseo@example.org,1941-05-04,850624-2983459,(유) 엄윤김,인터넷 판매원,sangceolgim,*g5DxKrop7,https://igosim.kr/,5.66934E+11,03/32,Mastercard,GB79ZZDQ31029465539624,LUERGBULSHA,0VW 500,84:41:63:70:76:5e,24.146.118.105,16a3:61d9:81d4:4504:ecdb:ecfe:20d5:7367,392fb164-11fd-420b-9418-6a58ced6992f
이보람,서울특별시 서초구 논현25가,011-498-5095,gimsunog@example.net,2002-05-09,620422-2507391,김이,숙박/여행/오락 및 스포츠 관련 관리자,anjiyeong,$%7OM1u_qS,http://jusighoesa.com/,6541914312867877,06/31,Mastercard,GB45ANQI91509413976075,UTZJGBP07PP,291 TKU,a4:4f:8e:eb:12:ab,104.150.53.140,c491:ef71:5aab:97a0:2528:4fb9:863:b662,abc57eba-72e2-4332-a415-a403a25e4d92
황진호,전라북도 수원시 팔달구 압구정558길 (명숙김이읍),054-578-0792,gimeungyeong@example.net,2010-04-04,160725-2660790,(유) 이안구,어부 및 해녀,gyeongsu30,4v9LNpjY)Q,http://ju.com/,3.70938E+14,01월 28일,JCB 16 digit,GB86LZBC02852558365291,CDFYGBJ6WB8,49-QB07,b6:50:4c:44:04:18,195.172.58.252,bf08:36ee:ed06:18a4:4d79:45bd:1205:f08c,02490871-240b-4254-800e-3b5bebb5ebc2
김영희,서울특별시 중구 반포대로 (지영김김리),031-825-6564,seojunryu@example.com,1931-02-24,780907-1661995,주식회사 황,어부 및 해녀,yangseonghyeon,(22V$ORs%4,https://yangyang.kr/,2482282294545451,02월 29일,Discover,GB52LTMD10270058830337,CCKOGBYYLTO,8QI I03,12:76:5a:6b:43:f1,140.244.65.173,ccee:fe64:c930:f1f2:6521:8662:615:dc63,00b18cc8-13b1-472f-99c2-b2c2338dff4a
박광수,강원도 보은군 역삼505거리,032-691-3311,gyeongsugnam@example.org,1971-12-13,050114-2636682,(주) 이,교육 관리자,bgim,#_M)L4Wa9@,http://www.coecoegim.kr/,1.80055E+14,12월 30일,American Express,GB87NGKX25712417255582,KVUEGB7H4T4,GXJ 4792,bc:39:20:53:3c:cf,28.122.216.254,a736:7af2:9939:11dc:732c:9804:4d2a:93dc,ab4380f8-448d-409c-b75e-bd2d414ee5b4
박우진,대전광역시 강서구 오금860거리,054-594-9520,imigyeong@example.net,1980-01-27,200200-2764530,유한회사 김,택시 운전원,gangjongsu,t8sW3c@V!y,http://yunsonggim.kr/,3.6807E+13,04/31,Diners Club / Carte Blanche,GB70WXMT21659550722279,ZENYGBZ3,8WG1647,16:17:c8:eb:ab:0b,112.119.239.195,258f:ad77:e70e:5127:daad:b2ef:23e2:61e7,3b1f678a-42d4-4e84-a3b1-c4cf142ad560
김수민,강원도 부천시 오정구 학동8가,044-262-6243,jeongyeongceol@example.net,1956-05-23,590613-2703629,주식회사 신,치과위생사,gyeongsug54,1(0&UFao+Y,http://ju.com/,4573719234285900,02월 25일,Mastercard,GB03MPIU57128758632358,CICYGBEL,SDO-2531,0c:a7:68:77:5d:4b,166.199.93.15,3bd9:26b5:1bc6:a930:8e6c:fdb7:7051:31ae,366a3bff-26b9-4205-b207-609765ac1ef3
양서윤,서울특별시 종로구 오금4가 (영일장김동),043-796-9806,obag@example.com,1989-09-08,930004-1296493,주식회사 김이박,응급구조사,sgwag,Sp2%75Er5B,https://jusighoesa.org/,4076103353024633146,07월 31일,JCB 15 digit,GB12XJKS44597086423394,RXZRGB5ZV7N,UW 95998,48:59:72:84:be:4a,201.73.223.28,f50b:3584:8a19:ba69:e8aa:9799:c295:ae37,58f430a3-d614-4409-815b-e78a5ca84d0c
김정호,광주광역시 성동구 삼성가 (미숙오배면),041-700-8210,ocaeweon@example.org,1991-07-21,300302-2128321,김김,자산 운용가,yi,@(_O10Njs(,http://yu.kr/,3572531619438712,02월 25일,JCB 16 digit,GB35GUDE10104726128974,TSYAGBF5AM2,AEU-942,2c:4f:88:fd:ab:ed,37.245.80.217,7eb1:568c:c1cb:16e3:87ed:bdce:142e:e810,7cf3bb1d-a734-46b8-b6a7-5be6e0a0be0d
김시우,전라북도 수원시 권선구 테헤란길 (성민안박읍),051-810-2719,vgim@example.org,1915-11-19,360217-2180862,박유,화물차 및 특수차 운전원,jiui,JBT_5(Vl@M,http://www.gimseojo.org/,6500883528604920,04월 29일,Mastercard,GB16JDUP21043415656389,JTBWGBD1,67D B51,42:ad:13:9e:b4:f2,106.204.150.12,91aa:331b:2f77:eaf8:2731:7b45:8d67:51c0,cec45422-7136-4d92-a1d2-cceca0a1dcbc
